season,week,celebrity_name,ballroom_partner,judge_total,judge_percent,judge_rank,fan_rank,combined_rank,eliminated,method,fan_vote_percent,combined_score
1,1,John O'Hurley,Charlotte Jorgensen,20.0,0.1834862385321101,1,1,2,False,rank,0.2747313930583076,0.45821763159041773
1,1,Kelly Monaco,Alec Mazo,13.0,0.11926605504587157,6,2,8,False,rank,0.1942644310363561,0.31353048608222767
1,1,Evander Holyfield,Edyta Sliwinska,18.0,0.1651376146788991,4,3,7,False,rank,0.15861624373705482,0.32375385841595394
1,1,Rachel Hunter,Jonathan Roberts,20.0,0.1834862385321101,1,4,5,False,rank,0.1373656965291538,0.3208519350612639
1,1,Joey McIntyre,Ashly DelGrosso,20.0,0.1834862385321101,1,5,6,False,rank,0.12286361408631793,0.30634985261842806
1,1,Trista Sutter,Louis van Amstel,18.0,0.1651376146788991,4,6,10,False,rank,0.11215862155280971,0.2772962362317088
1,2,John O'Hurley,Charlotte Jorgensen,26.0,0.21487603305785125,1,1,2,False,rank,0.2747313930583076,0.4896074261161589
1,2,Kelly Monaco,Alec Mazo,17.0,0.14049586776859505,5,2,7,False,rank,0.1942644310363561,0.3347602988049512
1,2,Evander Holyfield,Edyta Sliwinska,14.0,0.11570247933884298,6,3,9,False,rank,0.15861624373705482,0.2743187230758978
1,2,Rachel Hunter,Jonathan Roberts,24.0,0.19834710743801653,2,4,6,False,rank,0.1373656965291538,0.33571280396717035
1,2,Joey McIntyre,Ashly DelGrosso,21.0,0.17355371900826447,3,5,8,False,rank,0.12286361408631793,0.2964173330945824
1,2,Trista Sutter,Louis van Amstel,19.0,0.15702479338842976,4,6,10,True,rank,0.11215862155280971,0.2691834149412395
1,3,John O'Hurley,Charlotte Jorgensen,24.0,0.22641509433962265,2,1,3,False,rank,0.30943747354826506,0.5358525678878877
1,3,Kelly Monaco,Alec Mazo,21.0,0.19811320754716982,4,2,6,False,rank,0.21880533589921114,0.41691854344638096
1,3,Evander Holyfield,Edyta Sliwinska,13.0,0.12264150943396226,5,3,8,True,rank,0.17865380865044855,0.3012953180844108
1,3,Rachel Hunter,Jonathan Roberts,26.0,0.24528301886792453,1,4,5,False,rank,0.15471873677413253,0.4000017556420571
1,3,Joey McIntyre,Ashly DelGrosso,22.0,0.20754716981132076,3,5,8,False,rank,0.13838464512794274,0.3459318149392635
1,4,John O'Hurley,Charlotte Jorgensen,21.0,0.22826086956521738,3,1,4,False,rank,0.35913644272764145,0.5873973122928589
1,4,Kelly Monaco,Alec Mazo,26.0,0.2826086956521739,1,2,3,False,rank,0.2539478140239294,0.5365565096761034
1,4,Rachel Hunter,Jonathan Roberts,25.0,0.2717391304347826,2,3,5,True,rank,0.20734752188460845,0.47908665231939107
1,4,Joey McIntyre,Ashly DelGrosso,20.0,0.21739130434782608,4,4,8,False,rank,0.17956822136382072,0.39695952571164683
1,5,John O'Hurley,Charlotte Jorgensen,27.0,0.3698630136986301,1,1,2,False,rank,0.4377407751375031,0.8076037888361332
1,5,Kelly Monaco,Alec Mazo,23.5,0.3219178082191781,2,2,4,False,rank,0.3095294705015841,0.6314472787207621
1,5,Joey McIntyre,Ashly DelGrosso,22.5,0.3082191780821918,3,3,6,False,rank,0.2527297543609129,0.5609489324431047
1,6,John O'Hurley,Charlotte Jorgensen,27.0,0.4954128440366973,2,1,3,False,rank,0.585786437626905,1.0811992816636022
1,6,Kelly Monaco,Alec Mazo,27.5,0.5045871559633027,1,2,3,False,rank,0.41421356237309503,0.9188007183363978
2,1,Tatum O'Neal,Nick Kosovich,23.0,0.11794871794871795,2,1,3,False,rank,0.19916359657128618,0.3171123145200041
2,1,Tia Carrere,Maksim Chmerkoskiy,20.0,0.10256410256410256,6,2,8,False,rank,0.14082992970105826,0.24339403226516082
2,1,George Hamilton,Edyta Sliwinska,18.0,0.09230769230769231,8,3,11,False,rank,0.11498715609320612,0.20729484840089843
2,1,Lisa Rinna,Louis van Amstel,19.0,0.09743589743589744,7,4,11,False,rank,0.09958179828564309,0.19701769572154054
2,1,Stacy Keibler,Tony Dovolani,22.0,0.11282051282051282,4,5,9,False,rank,0.08906866811534798,0.2018891809358608
2,1,Jerry Rice,Anna Trebunskaya,21.0,0.1076923076923077,5,6,11,False,rank,0.08130819782286208,0.18900050551516978
2,1,Giselle Fernandez,Jonathan Roberts,23.0,0.11794871794871795,2,7,9,False,rank,0.07527676382068851,0.19322548176940646
2,1,Master P,Ashly DelGrosso,12.0,0.06153846153846154,10,8,18,False,rank,0.07041496485052913,0.13195342638899066
2,1,Drew Lachey,Cheryl Burke,24.0,0.12307692307692308,1,9,10,False,rank,0.06638786552376205,0.18946478860068514
2,1,Kenny Mayne,Andrea Hale,13.0,0.06666666666666667,9,10,19,True,rank,0.06298105921561659,0.12964772588228324
2,2,Tatum O'Neal,Nick Kosovich,17.0,0.085,8,8,16,True,rank,0.07514785644736743,0.16014785644736745
2,2,Tia Carrere,Maksim Chmerkoskiy,22.0,0.11,5,2,7,False,rank,0.15029571289473487,0.26029571289473485
2,2,George Hamilton,Edyta Sliwinska,22.0,0.11,5,3,8,False,rank,0.1227159357066462,0.2327159357066462
2,2,Lisa Rinna,Louis van Amstel,20.0,0.1,7,4,11,False,rank,0.10627511777113348,0.2062751177711335
2,2,Stacy Keibler,Tony Dovolani,29.0,0.145,1,5,6,False,rank,0.09505535506122015,0.24005535506122014
2,2,Jerry Rice,Anna Trebunskaya,23.0,0.115,4,6,10,False,rank,0.0867732702978219,0.2017732702978219
2,2,Giselle Fernandez,Jonathan Roberts,24.0,0.12,3,7,10,False,rank,0.08033643776472003,0.20033643776472004
2,2,Master P,Ashly DelGrosso,16.0,0.08,9,1,10,False,rank,0.21255023554226696,0.29255023554226695
2,2,Drew Lachey,Cheryl Burke,27.0,0.135,2,9,11,False,rank,0.07085007851408898,0.20585007851408899
2,3,Tia Carrere,Maksim Chmerkoskiy,26.0,0.14285714285714285,3,2,5,False,rank,0.1617561487325744,0.3046132915897173
2,3,George Hamilton,Edyta Sliwinska,22.0,0.12087912087912088,5,3,8,False,rank,0.13207334238418378,0.25295246326330467
2,3,Lisa Rinna,Louis van Amstel,25.0,0.13736263736263737,4,4,8,False,rank,0.11437886966742315,0.25174150703006054
2,3,Stacy Keibler,Tony Dovolani,27.0,0.14835164835164835,1,5,6,False,rank,0.10230357110637876,0.2506552194580271
2,3,Jerry Rice,Anna Trebunskaya,19.0,0.1043956043956044,7,7,14,False,rank,0.08646229839447735,0.19085790279008175
2,3,Giselle Fernandez,Jonathan Roberts,22.0,0.12087912087912088,5,6,11,True,rank,0.093389956013829,0.21426907689294988
2,3,Master P,Ashly DelGrosso,14.0,0.07692307692307693,8,1,9,False,rank,0.2287577393348463,0.3056808162579232
2,3,Drew Lachey,Cheryl Burke,27.0,0.14835164835164835,1,8,9,False,rank,0.0808780743662872,0.22922972271793557
2,4,Tia Carrere,Maksim Chmerkoskiy,25.0,0.15822784810126583,4,2,6,False,rank,0.17598987057244597,0.3342177186737118
2,4,George Hamilton,Edyta Sliwinska,21.0,0.13291139240506328,6,3,9,False,rank,0.1436951276003152,0.27660652000537844
2,4,Lisa Rinna,Louis van Amstel,26.0,0.16455696202531644,2,4,6,False,rank,0.12444363090191939,0.28900059292723584
2,4,Stacy Keibler,Tony Dovolani,26.0,0.16455696202531644,2,5,7,False,rank,0.11130576722543409,0.2758627292507505
2,4,Jerry Rice,Anna Trebunskaya,24.0,0.1518987341772152,5,1,6,False,rank,0.24888726180383877,0.40078599598105397
2,4,Master P,Ashly DelGrosso,8.0,0.05063291139240506,7,7,14,True,rank,0.09407054274639748,0.14470345413880253
2,4,Drew Lachey,Cheryl Burke,28.0,0.17721518987341772,1,6,7,False,rank,0.10160779914964911,0.27882298902306685
2,5,Tia Carrere,Maksim Chmerkoskiy,22.0,0.1456953642384106,6,2,8,True,rank,0.1942644310363561,0.3399597952747667
2,5,George Hamilton,Edyta Sliwinska,24.0,0.15894039735099338,4,3,7,False,rank,0.15861624373705482,0.3175566410880482
2,5,Lisa Rinna,Louis van Amstel,25.0,0.16556291390728478,3,4,7,False,rank,0.1373656965291538,0.3029286104364386
2,5,Stacy Keibler,Tony Dovolani,30.0,0.1986754966887417,1,5,6,False,rank,0.12286361408631793,0.32153911077505964
2,5,Jerry Rice,Anna Trebunskaya,23.0,0.152317880794702,5,1,6,False,rank,0.2747313930583076,0.4270492738530096
2,5,Drew Lachey,Cheryl Burke,27.0,0.17880794701986755,2,6,8,False,rank,0.11215862155280971,0.2909665685726773
2,6,George Hamilton,Edyta Sliwinska,23.0,0.17293233082706766,4,3,7,True,rank,0.17865380865044855,0.3515861394775162
2,6,Lisa Rinna,Louis van Amstel,27.0,0.20300751879699247,3,4,7,False,rank,0.15471873677413253,0.35772625557112503
2,6,Stacy Keibler,Tony Dovolani,30.0,0.22556390977443608,1,5,6,False,rank,0.13838464512794274,0.3639485549023788
2,6,Jerry Rice,Anna Trebunskaya,23.0,0.17293233082706766,4,1,5,False,rank,0.30943747354826506,0.4823698043753327
2,6,Drew Lachey,Cheryl Burke,30.0,0.22556390977443608,1,2,3,False,rank,0.21880533589921114,0.4443692456736472
2,7,Lisa Rinna,Louis van Amstel,26.5,0.25980392156862747,3,4,7,True,rank,0.17956822136382072,0.4393721429324482
2,7,Stacy Keibler,Tony Dovolani,27.5,0.2696078431372549,1,3,4,False,rank,0.20734752188460845,0.4769553650218633
2,7,Jerry Rice,Anna Trebunskaya,20.5,0.20098039215686275,4,1,5,False,rank,0.35913644272764145,0.5601168348845043
2,7,Drew Lachey,Cheryl Burke,27.5,0.2696078431372549,1,2,3,False,rank,0.2539478140239294,0.5235556571611844
2,8,Stacy Keibler,Tony Dovolani,28.6665,0.33992071896021603,2,3,5,False,rank,0.2527297543609129,0.5926504733211289
2,8,Jerry Rice,Anna Trebunskaya,26.666600000000003,0.31620636785880724,3,1,4,False,rank,0.4377407751375031,0.7539471429963103
2,8,Drew Lachey,Cheryl Burke,28.9998,0.34387291318097685,1,2,3,False,rank,0.3095294705015841,0.6534023836825609
28,1,Kate Flannery,Pasha Pashkov,15.0,0.07614213197969544,9,1,10,False,rank,0.17821549472475498,0.2543576267044504
28,1,James Van Der Beek,Emma Slater,21.0,0.1065989847715736,1,2,3,False,rank,0.1260173848323896,0.2326163696039632
28,1,Kel Mitchell,Witney Carson,16.0,0.08121827411167512,7,3,10,False,rank,0.10289276385309963,0.18411103796477474
28,1,Ray Lewis,Cheryl Burke,15.0,0.07614213197969544,9,4,13,False,rank,0.08910774736237749,0.16524987934207291
28,1,Lamar Odom,Peta Murgatroyd,11.0,0.05583756345177665,12,5,17,False,rank,0.07970039216966146,0.1355379556214381
28,1,Sailor Brinkley-Cook,Valentin Chmerkovskiy,18.0,0.09137055837563451,4,6,10,False,rank,0.07275617105555282,0.16412672943118733
28,1,Sean Spicer,Lindsay Arnold,12.0,0.06091370558375635,11,7,18,False,rank,0.06735912554572072,0.12827283112947707
28,1,Mary Wilson,Brandon Armstrong,17.0,0.08629441624365482,5,8,13,False,rank,0.0630086924161948,0.14930310865984964
28,1,Lauren Alaina,Gleb Savchenko,19.0,0.09644670050761421,3,9,12,False,rank,0.05940516490825165,0.15585186541586588
28,1,Ally Brooke,Sasha Farber,16.0,0.08121827411167512,7,10,17,False,rank,0.05635668776639483,0.13757496187806995
28,1,Karamo Brown,Jenna Johnson,17.0,0.08629441624365482,5,11,16,False,rank,0.05373399343905221,0.14002840968270702
28,1,Hannah Brown,Alan Bersten,20.0,0.10152284263959391,2,12,14,False,rank,0.051446381926549815,0.15296922456614373
28,2,Kate Flannery,Pasha Pashkov,21.0,0.0958904109589041,2,1,3,False,rank,0.17821549472475498,0.2741059056836591
28,2,James Van Der Beek,Emma Slater,20.0,0.091324200913242,3,2,5,False,rank,0.1260173848323896,0.21734158574563162
28,2,Kel Mitchell,Witney Carson,20.0,0.091324200913242,3,3,6,False,rank,0.10289276385309963,0.19421696476634165
28,2,Ray Lewis,Cheryl Burke,15.0,0.0684931506849315,10,4,14,False,rank,0.08910774736237749,0.15760089804730898
28,2,Lamar Odom,Peta Murgatroyd,12.0,0.0547945205479452,12,5,17,False,rank,0.07970039216966146,0.13449491271760666
28,2,Sailor Brinkley-Cook,Valentin Chmerkovskiy,18.0,0.0821917808219178,8,6,14,False,rank,0.07275617105555282,0.15494795187747062
28,2,Sean Spicer,Lindsay Arnold,16.0,0.0730593607305936,9,7,16,False,rank,0.06735912554572072,0.1404184862763143
28,2,Mary Wilson,Brandon Armstrong,15.0,0.0684931506849315,10,8,18,True,rank,0.0630086924161948,0.1315018431011263
28,2,Lauren Alaina,Gleb Savchenko,19.0,0.0867579908675799,6,9,15,False,rank,0.05940516490825165,0.14616315577583155
28,2,Ally Brooke,Sasha Farber,20.0,0.091324200913242,3,10,13,False,rank,0.05635668776639483,0.14768088867963683
28,2,Karamo Brown,Jenna Johnson,19.0,0.0867579908675799,6,11,17,False,rank,0.05373399343905221,0.14049198430663212
28,2,Hannah Brown,Alan Bersten,24.0,0.1095890410958904,1,12,13,False,rank,0.051446381926549815,0.16103542302244023
28,3,Kate Flannery,Pasha Pashkov,24.0,0.12121212121212122,1,1,2,False,rank,0.19916359657128618,0.3203757177834074
28,3,James Van Der Beek,Emma Slater,23.0,0.11616161616161616,3,2,5,False,rank,0.14082992970105826,0.2569915458626744
28,3,Kel Mitchell,Witney Carson,20.0,0.10101010101010101,6,3,9,False,rank,0.11498715609320612,0.21599725710330714
28,3,Lamar Odom,Peta Murgatroyd,12.0,0.06060606060606061,10,5,15,False,rank,0.08906866811534798,0.14967472872140858
28,3,Sailor Brinkley-Cook,Valentin Chmerkovskiy,23.0,0.11616161616161616,3,6,9,False,rank,0.08130819782286208,0.19746981398447824
28,3,Sean Spicer,Lindsay Arnold,15.0,0.07575757575757576,9,7,16,False,rank,0.07527676382068851,0.1510343395782643
28,3,Lauren Alaina,Gleb Savchenko,20.0,0.10101010101010101,6,9,15,False,rank,0.06638786552376205,0.16739796653386307
28,3,Ally Brooke,Sasha Farber,24.0,0.12121212121212122,1,10,11,False,rank,0.06298105921561659,0.1841931804277378
28,3,Karamo Brown,Jenna Johnson,16.0,0.08080808080808081,8,8,16,False,rank,0.07041496485052913,0.15122304565860994
28,3,Hannah Brown,Alan Bersten,21.0,0.10606060606060606,5,4,9,False,rank,0.09958179828564309,0.20564240434624914
28,4,Kate Flannery,Pasha Pashkov,26.0,0.09219858156028368,8,1,9,False,rank,0.19916359657128618,0.29136217813156984
28,4,James Van Der Beek,Emma Slater,28.0,0.09929078014184398,6,2,8,False,rank,0.14082992970105826,0.24012070984290224
28,4,Kel Mitchell,Witney Carson,32.0,0.11347517730496454,1,3,4,False,rank,0.11498715609320612,0.22846233339817065
28,4,Lamar Odom,Peta Murgatroyd,20.0,0.07092198581560284,10,7,17,True,rank,0.07527676382068851,0.14619874963629137
28,4,Sailor Brinkley-Cook,Valentin Chmerkovskiy,31.0,0.1099290780141844,5,6,11,False,rank,0.08130819782286208,0.19123727583704647
28,4,Sean Spicer,Lindsay Arnold,21.0,0.07446808510638298,9,5,14,False,rank,0.08906866811534798,0.16353675322173095
28,4,Lauren Alaina,Gleb Savchenko,32.0,0.11347517730496454,1,9,10,False,rank,0.06638786552376205,0.1798630428287266
28,4,Ally Brooke,Sasha Farber,32.0,0.11347517730496454,1,10,11,False,rank,0.06298105921561659,0.17645623652058112
28,4,Karamo Brown,Jenna Johnson,28.0,0.09929078014184398,6,8,14,False,rank,0.07041496485052913,0.16970574499237312
28,4,Hannah Brown,Alan Bersten,32.0,0.11347517730496454,1,4,5,False,rank,0.09958179828564309,0.21305697559060763
28,5,Kate Flannery,Pasha Pashkov,24.0,0.11162790697674418,5,1,6,False,rank,0.21255023554226696,0.3241781425190111
28,5,James Van Der Beek,Emma Slater,26.0,0.12093023255813953,2,2,4,False,rank,0.15029571289473487,0.2712259454528744
28,5,Kel Mitchell,Witney Carson,26.0,0.12093023255813953,2,3,5,False,rank,0.1227159357066462,0.24364616826478575
28,5,Sailor Brinkley-Cook,Valentin Chmerkovskiy,24.0,0.11162790697674418,5,6,11,False,rank,0.0867732702978219,0.19840117727456608
28,5,Sean Spicer,Lindsay Arnold,19.0,0.08837209302325581,9,5,14,False,rank,0.09505535506122015,0.18342744808447597
28,5,Lauren Alaina,Gleb Savchenko,23.0,0.10697674418604651,7,9,16,False,rank,0.07085007851408898,0.1778268227001355
28,5,Ally Brooke,Sasha Farber,27.0,0.12558139534883722,1,7,8,False,rank,0.08033643776472003,0.20591783311355727
28,5,Karamo Brown,Jenna Johnson,21.0,0.09767441860465116,8,8,16,False,rank,0.07514785644736743,0.17282227505201858
28,5,Hannah Brown,Alan Bersten,25.0,0.11627906976744186,4,4,8,False,rank,0.10627511777113348,0.22255418753857534
28,6,Kate Flannery,Pasha Pashkov,27.0,0.11842105263157894,1,1,2,False,rank,0.21255023554226696,0.3309712881738459
28,6,James Van Der Beek,Emma Slater,27.0,0.11842105263157894,1,2,3,False,rank,0.15029571289473487,0.2687167655263138
28,6,Kel Mitchell,Witney Carson,26.0,0.11403508771929824,4,3,7,False,rank,0.1227159357066462,0.23675102342594445
28,6,Sailor Brinkley-Cook,Valentin Chmerkovskiy,27.0,0.11842105263157894,1,5,6,True,rank,0.09505535506122015,0.21347640769279908
28,6,Sean Spicer,Lindsay Arnold,21.0,0.09210526315789473,9,6,15,False,rank,0.0867732702978219,0.17887853345571664
28,6,Lauren Alaina,Gleb Savchenko,26.0,0.11403508771929824,4,9,13,False,rank,0.07085007851408898,0.18488516623338722
28,6,Ally Brooke,Sasha Farber,25.0,0.10964912280701754,6,7,13,False,rank,0.08033643776472003,0.18998556057173757
28,6,Karamo Brown,Jenna Johnson,25.0,0.10964912280701754,6,8,14,False,rank,0.07514785644736743,0.18479697925438499
28,6,Hannah Brown,Alan Bersten,24.0,0.10526315789473684,8,4,12,False,rank,0.10627511777113348,0.2115382756658703
28,7,Kate Flannery,Pasha Pashkov,24.0,0.1188118811881188,7,1,8,False,rank,0.2287577393348463,0.34756962052296514
28,7,James Van Der Beek,Emma Slater,27.0,0.13366336633663367,1,2,3,False,rank,0.1617561487325744,0.29541951506920805
28,7,Kel Mitchell,Witney Carson,25.5,0.12623762376237624,5,3,8,False,rank,0.13207334238418378,0.25831096614656
28,7,Sean Spicer,Lindsay Arnold,21.0,0.10396039603960396,8,6,14,False,rank,0.093389956013829,0.19735035205343296
28,7,Lauren Alaina,Gleb Savchenko,27.0,0.13366336633663367,1,5,6,False,rank,0.10230357110637876,0.23596693744301245
28,7,Ally Brooke,Sasha Farber,27.0,0.13366336633663367,1,7,8,False,rank,0.08646229839447735,0.220125664731111
28,7,Karamo Brown,Jenna Johnson,24.5,0.12128712871287128,6,8,14,True,rank,0.0808780743662872,0.20216520307915847
28,7,Hannah Brown,Alan Bersten,26.0,0.12871287128712872,4,4,8,False,rank,0.11437886966742315,0.24309174095455188
28,8,Kate Flannery,Pasha Pashkov,25.9998,0.13471454803957736,5,6,11,True,rank,0.10160779914964911,0.23632234718922646
28,8,James Van Der Beek,Emma Slater,31.9998,0.1658027598041857,1,2,3,False,rank,0.17598987057244597,0.34179263037663166
28,8,Kel Mitchell,Witney Carson,29.9998,0.15544002254931627,4,3,7,False,rank,0.1436951276003152,0.29913515014963143
28,8,Sean Spicer,Lindsay Arnold,20.0,0.1036273725486945,7,1,8,False,rank,0.24888726180383877,0.3525146343525333
28,8,Lauren Alaina,Gleb Savchenko,24.0,0.1243528470584334,6,5,11,False,rank,0.11130576722543409,0.23565861428386747
28,8,Ally Brooke,Sasha Farber,30.0,0.15544105882304174,3,7,10,False,rank,0.09407054274639748,0.24951160156943922
28,8,Hannah Brown,Alan Bersten,30.9998,0.160621391176751,2,4,6,False,rank,0.12444363090191939,0.2850650220786704
28,9,James Van Der Beek,Emma Slater,36.0,0.17266187050359713,3,2,5,False,rank,0.1942644310363561,0.3669263015399532
28,9,Kel Mitchell,Witney Carson,37.0,0.1774580335731415,2,3,5,False,rank,0.15861624373705482,0.33607427731019635
28,9,Sean Spicer,Lindsay Arnold,25.0,0.11990407673860912,6,5,11,True,rank,0.12286361408631793,0.24276769082492705
28,9,Lauren Alaina,Gleb Savchenko,35.0,0.16786570743405277,5,1,6,False,rank,0.2747313930583076,0.4425971004923604
28,9,Ally Brooke,Sasha Farber,40.0,0.19184652278177458,1,6,7,False,rank,0.11215862155280971,0.3040051443345843
28,9,Hannah Brown,Alan Bersten,35.5,0.17026378896882494,4,4,8,False,rank,0.1373656965291538,0.30762948549797875
28,10,James Van Der Beek,Emma Slater,25.5,0.18545454545454546,5,2,7,True,rank,0.21880533589921114,0.40425988135375657
28,10,Kel Mitchell,Witney Carson,28.5,0.20727272727272728,2,3,5,False,rank,0.17865380865044855,0.38592653592317583
28,10,Lauren Alaina,Gleb Savchenko,27.0,0.19636363636363635,3,1,4,False,rank,0.30943747354826506,0.5058011099119014
28,10,Ally Brooke,Sasha Farber,29.5,0.21454545454545454,1,5,6,False,rank,0.13838464512794274,0.3529300996733973
28,10,Hannah Brown,Alan Bersten,27.0,0.19636363636363635,3,4,7,False,rank,0.15471873677413253,0.3510823731377689
28,11,Kel Mitchell,Witney Carson,29.5,0.25213675213675213,2,3,5,False,rank,0.20734752188460845,0.4594842740213606
28,11,Lauren Alaina,Gleb Savchenko,28.5,0.24358974358974358,4,1,5,False,rank,0.35913644272764145,0.6027261863173851
28,11,Ally Brooke,Sasha Farber,30.0,0.2564102564102564,1,2,3,False,rank,0.2539478140239294,0.5103580704341858
28,11,Hannah Brown,Alan Bersten,29.0,0.24786324786324787,3,4,7,False,rank,0.17956822136382072,0.4274314692270686
29,1,Anne Heche,Keo Motsepe,18.0,0.06923076923076923,6,1,7,False,rank,0.1559090802346026,0.22513984946537183
29,1,Jesse Metcalfe,Sharna Burgess,18.0,0.06923076923076923,6,2,8,False,rank,0.11024436788244502,0.17947513711321425
29,1,Chrishell Stause,Gleb Savchenko,13.0,0.05,13,3,16,False,rank,0.09001414944255479,0.1400141494425548
29,1,Skai Jackson,Alan Bersten,21.0,0.08076923076923077,1,4,5,False,rank,0.0779545401173013,0.15872377088653206
29,1,Justina Machado,Sasha Farber,21.0,0.08076923076923077,1,5,6,False,rank,0.06972466034280805,0.1504938911120388
29,1,Charles Oakley,Emma Slater,12.0,0.046153846153846156,14,6,20,False,rank,0.06364961547356977,0.10980346162741593
29,1,Veron Davis,Peta Murgatroyd,17.0,0.06538461538461539,11,7,18,False,rank,0.058928093348224894,0.12431270873284028
29,1,Johnny Weir,Britt Stewart,18.0,0.06923076923076923,6,8,14,False,rank,0.05512218394122251,0.12435295317199174
29,1,Nev Schulman,Jenna Johnson,20.0,0.07692307692307693,3,9,12,False,rank,0.05196969341153419,0.1288927703346111
29,1,AJ McLean,Cheryl Burke,18.0,0.06923076923076923,6,10,16,False,rank,0.049302780144328325,0.11853354937509755
29,1,Nelly,Daniella Karagach,16.0,0.06153846153846154,12,11,23,False,rank,0.04700835641341746,0.10854681795187901
29,1,Kaitlyn Bristowe,Artem Chigvintsev,20.0,0.07692307692307693,3,12,15,False,rank,0.04500707472127739,0.12193015164435432
29,1,Carole Baskin,Pasha Pashkov,11.0,0.04230769230769231,15,13,28,False,rank,0.04324139869971453,0.08554909100740685
29,1,Monica Aldama,Valentin Chmerkovskiy,19.0,0.07307692307692308,5,14,19,False,rank,0.04166845440892371,0.11474537748584679
29,1,Jeannie Mai,Brandon Armstrong,18.0,0.06923076923076923,6,15,21,False,rank,0.04025555141807545,0.10948632064884468
29,2,Anne Heche,Keo Motsepe,18.0,0.06593406593406594,6,1,7,False,rank,0.1559090802346026,0.22184314616866851
29,2,Jesse Metcalfe,Sharna Burgess,20.0,0.07326007326007326,4,2,6,False,rank,0.11024436788244502,0.1835044411425183
29,2,Chrishell Stause,Gleb Savchenko,18.0,0.06593406593406594,6,3,9,False,rank,0.09001414944255479,0.15594821537662074
29,2,Skai Jackson,Alan Bersten,15.0,0.054945054945054944,14,4,18,False,rank,0.0779545401173013,0.13289959506235624
29,2,Justina Machado,Sasha Farber,21.0,0.07692307692307693,2,5,7,False,rank,0.06972466034280805,0.14664773726588498
29,2,Charles Oakley,Emma Slater,15.0,0.054945054945054944,14,14,28,True,rank,0.04166845440892371,0.09661350935397865
29,2,Veron Davis,Peta Murgatroyd,18.0,0.06593406593406594,6,7,13,False,rank,0.058928093348224894,0.12486215928229083
29,2,Johnny Weir,Britt Stewart,18.0,0.06593406593406594,6,8,14,False,rank,0.05512218394122251,0.12105624987528844
29,2,Nev Schulman,Jenna Johnson,21.0,0.07692307692307693,2,9,11,False,rank,0.05196969341153419,0.1288927703346111
29,2,AJ McLean,Cheryl Burke,19.0,0.0695970695970696,5,10,15,False,rank,0.049302780144328325,0.11889984974139792
29,2,Nelly,Daniella Karagach,18.0,0.06593406593406594,6,11,17,False,rank,0.04700835641341746,0.11294242234748339
29,2,Kaitlyn Bristowe,Artem Chigvintsev,22.0,0.08058608058608059,1,12,13,False,rank,0.04500707472127739,0.12559315530735798
29,2,Carole Baskin,Pasha Pashkov,16.0,0.05860805860805861,12,13,25,False,rank,0.04324139869971453,0.10184945730777314
29,2,Monica Aldama,Valentin Chmerkovskiy,16.0,0.05860805860805861,12,6,18,False,rank,0.06364961547356977,0.12225767408162838
29,2,Jeannie Mai,Brandon Armstrong,18.0,0.06593406593406594,6,15,21,False,rank,0.04025555141807545,0.10618961735214139
29,3,Anne Heche,Keo Motsepe,15.0,0.05338078291814947,13,1,14,False,rank,0.16244853561275283,0.2158293185309023
29,3,Jesse Metcalfe,Sharna Burgess,20.0,0.0711743772241993,9,2,11,False,rank,0.11486846112560188,0.18604283834980118
29,3,Chrishell Stause,Gleb Savchenko,22.0,0.07829181494661921,4,3,7,False,rank,0.09378970576548337,0.1720815207121026
29,3,Skai Jackson,Alan Bersten,18.0,0.06405693950177936,11,4,15,False,rank,0.08122426780637641,0.14528120730815577
29,3,Justina Machado,Sasha Farber,19.0,0.06761565836298933,10,5,15,False,rank,0.07264919369508216,0.1402648520580715
29,3,Veron Davis,Peta Murgatroyd,22.0,0.07829181494661921,4,7,11,False,rank,0.06139977515399481,0.13969159010061402
29,3,Johnny Weir,Britt Stewart,24.0,0.08540925266903915,1,8,9,False,rank,0.05743423056280094,0.1428434832318401
29,3,Nev Schulman,Jenna Johnson,24.0,0.08540925266903915,1,9,10,False,rank,0.05414951187091761,0.13955876453995675
29,3,AJ McLean,Cheryl Burke,21.0,0.07473309608540925,7,10,17,False,rank,0.05137073750952757,0.12610383359493682
29,3,Nelly,Daniella Karagach,18.0,0.06405693950177936,11,11,22,False,rank,0.04898007639728983,0.1130370158990692
29,3,Kaitlyn Bristowe,Artem Chigvintsev,23.0,0.08185053380782918,3,12,15,False,rank,0.046894852882741686,0.12874538669057087
29,3,Carole Baskin,Pasha Pashkov,12.0,0.042704626334519574,14,13,27,True,rank,0.04505511729044756,0.08775974362496713
29,3,Monica Aldama,Valentin Chmerkovskiy,21.0,0.07473309608540925,7,6,13,False,rank,0.06631933695226433,0.14105243303767356
29,3,Jeannie Mai,Brandon Armstrong,22.0,0.07829181494661921,4,14,18,False,rank,0.04341619737471902,0.12170801232133824
29,4,Anne Heche,Keo Motsepe,21.0,0.06976744186046512,10,13,23,True,rank,0.047100021103009246,0.11686746296347436
29,4,Jesse Metcalfe,Sharna Burgess,21.0,0.06976744186046512,10,2,12,False,rank,0.12008196334743804,0.18984940520790317
29,4,Chrishell Stause,Gleb Savchenko,22.0,0.07308970099667775,8,3,11,False,rank,0.0980465125042717,0.17113621350094943
29,4,Skai Jackson,Alan Bersten,28.0,0.09302325581395349,1,4,5,False,rank,0.0849107705811679,0.1779340263951214
29,4,Justina Machado,Sasha Farber,24.0,0.07973421926910298,3,5,8,False,rank,0.07594650201655229,0.15568072128565527
29,4,Veron Davis,Peta Murgatroyd,22.0,0.07308970099667775,8,7,15,False,rank,0.06418650931103703,0.13727621030771478
29,4,Johnny Weir,Britt Stewart,24.0,0.07973421926910298,3,8,11,False,rank,0.06004098167371902,0.139775200942822
29,4,Nev Schulman,Jenna Johnson,24.0,0.07973421926910298,3,9,12,False,rank,0.05660718038744526,0.13634139965654823
29,4,AJ McLean,Cheryl Burke,24.0,0.07973421926910298,3,10,13,False,rank,0.053702286583301936,0.1334365058524049
29,4,Nelly,Daniella Karagach,21.0,0.06976744186046512,10,11,21,False,rank,0.051203121214123896,0.120970563074589
29,4,Kaitlyn Bristowe,Artem Chigvintsev,25.0,0.08305647840531562,2,12,14,False,rank,0.04902325625213585,0.13207973465745146
29,4,Monica Aldama,Valentin Chmerkovskiy,24.0,0.07973421926910298,3,6,9,False,rank,0.06932935386346215,0.14906357313256513
29,4,Jeannie Mai,Brandon Armstrong,21.0,0.06976744186046512,10,1,11,False,rank,0.1698215411623358,0.2395889830228009
29,5,Jesse Metcalfe,Sharna Burgess,19.0,0.06620209059233449,11,7,18,True,rank,0.06735912554572072,0.13356121613805522
29,5,Chrishell Stause,Gleb Savchenko,19.0,0.06620209059233449,11,3,14,False,rank,0.10289276385309963,0.16909485444543412
29,5,Skai Jackson,Alan Bersten,24.0,0.08362369337979095,5,4,9,False,rank,0.08910774736237749,0.17273144074216845
29,5,Justina Machado,Sasha Farber,24.0,0.08362369337979095,5,5,10,False,rank,0.07970039216966146,0.1633240855494524
29,5,Veron Davis,Peta Murgatroyd,21.0,0.07317073170731707,10,2,12,False,rank,0.1260173848323896,0.1991881165397067
29,5,Johnny Weir,Britt Stewart,29.0,0.10104529616724739,1,8,9,False,rank,0.0630086924161948,0.1640539885834422
29,5,Nev Schulman,Jenna Johnson,26.0,0.09059233449477352,3,9,12,False,rank,0.05940516490825165,0.14999749940302518
29,5,AJ McLean,Cheryl Burke,24.0,0.08362369337979095,5,10,15,False,rank,0.05635668776639483,0.13998038114618577
29,5,Nelly,Daniella Karagach,24.0,0.08362369337979095,5,11,16,False,rank,0.05373399343905221,0.13735768681884317
29,5,Kaitlyn Bristowe,Artem Chigvintsev,27.0,0.09407665505226481,2,12,14,False,rank,0.051446381926549815,0.14552303697881463
29,5,Monica Aldama,Valentin Chmerkovskiy,26.0,0.09059233449477352,3,6,9,False,rank,0.07275617105555282,0.16334850555032635
29,5,Jeannie Mai,Brandon Armstrong,24.0,0.08362369337979095,5,1,6,False,rank,0.17821549472475498,0.26183918810454593
29,6,Chrishell Stause,Gleb Savchenko,24.0,0.08955223880597014,7,3,10,False,rank,0.10847332390348043,0.19802556270945057
29,6,Skai Jackson,Alan Bersten,18.0,0.06716417910447761,11,4,15,False,rank,0.09394065413335183,0.16110483323782943
29,6,Justina Machado,Sasha Farber,27.0,0.10074626865671642,1,5,6,False,rank,0.0840230753971885,0.18476934405390494
29,6,Veron Davis,Peta Murgatroyd,21.0,0.07835820895522388,10,11,21,True,rank,0.056648345876523114,0.135006554831747
29,6,Johnny Weir,Britt Stewart,22.0,0.08208955223880597,9,8,17,False,rank,0.06642607356679314,0.14851562580559913
29,6,Nev Schulman,Jenna Johnson,26.0,0.09701492537313433,5,9,14,False,rank,0.06262710275556788,0.1596420281287022
29,6,AJ McLean,Cheryl Burke,27.0,0.10074626865671642,1,10,11,False,rank,0.059413286389500566,0.16015955504621698
29,6,Nelly,Daniella Karagach,24.0,0.08955223880597014,7,2,9,False,rank,0.13285214713358628,0.22240438593955641
29,6,Kaitlyn Bristowe,Artem Chigvintsev,27.0,0.10074626865671642,1,7,8,False,rank,0.0710124596673088,0.17175872832402522
29,6,Monica Aldama,Valentin Chmerkovskiy,27.0,0.10074626865671642,1,6,7,False,rank,0.07670222290999583,0.17744849156671225
29,6,Jeannie Mai,Brandon Armstrong,25.0,0.09328358208955224,6,1,7,False,rank,0.18788130826670366,0.2811648903562559
29,7,Chrishell Stause,Gleb Savchenko,26.0,0.1,5,3,8,False,rank,0.11498715609320612,0.21498715609320612
29,7,Skai Jackson,Alan Bersten,27.0,0.10384615384615385,2,4,6,False,rank,0.09958179828564309,0.20342795213179693
29,7,Justina Machado,Sasha Farber,26.0,0.1,5,5,10,False,rank,0.08906866811534798,0.189068668115348
29,7,Johnny Weir,Britt Stewart,27.0,0.10384615384615385,2,8,10,False,rank,0.07041496485052913,0.17426111869668298
29,7,Nev Schulman,Jenna Johnson,30.0,0.11538461538461539,1,9,10,False,rank,0.06638786552376205,0.18177248090837744
29,7,AJ McLean,Cheryl Burke,26.0,0.1,5,10,15,False,rank,0.06298105921561659,0.1629810592156166
29,7,Nelly,Daniella Karagach,27.0,0.10384615384615385,2,2,4,False,rank,0.14082992970105826,0.2446760835472121
29,7,Kaitlyn Bristowe,Artem Chigvintsev,24.0,0.09230769230769231,9,7,16,False,rank,0.07527676382068851,0.16758445612838083
29,7,Monica Aldama,Valentin Chmerkovskiy,22.0,0.08461538461538462,10,6,16,True,rank,0.08130819782286208,0.1659235824382467
29,7,Jeannie Mai,Brandon Armstrong,25.0,0.09615384615384616,8,1,9,False,rank,0.19916359657128618,0.29531744272513233
29,8,Chrishell Stause,Gleb Savchenko,27.0,0.12162184076007344,5,4,9,True,rank,0.11437886966742315,0.2360007104274966
29,8,Skai Jackson,Alan Bersten,26.9998,0.1216209398575493,7,3,10,False,rank,0.13207334238418378,0.25369428224173307
29,8,Justina Machado,Sasha Farber,28.9998,0.13062996509903624,3,5,8,False,rank,0.10230357110637876,0.23293353620541501
29,8,Johnny Weir,Britt Stewart,30.0,0.13513537862230382,1,8,9,False,rank,0.0808780743662872,0.21601345298859104
29,8,Nev Schulman,Jenna Johnson,30.0,0.13513537862230382,1,6,7,False,rank,0.093389956013829,0.22852533463613284
29,8,AJ McLean,Cheryl Burke,27.0,0.12162184076007344,5,1,6,False,rank,0.2287577393348463,0.35037958009491976
29,8,Nelly,Daniella Karagach,24.0,0.10810830289784307,8,2,10,False,rank,0.1617561487325744,0.2698644516304175
29,8,Kaitlyn Bristowe,Artem Chigvintsev,28.0,0.1261263533808169,4,7,11,False,rank,0.08646229839447735,0.21258865177529424
29,9,Skai Jackson,Alan Bersten,28.9998,0.15025865392188154,3,3,6,False,rank,0.1436951276003152,0.29395378152219676
29,9,Justina Machado,Sasha Farber,25.9998,0.13471454803957736,5,1,6,False,rank,0.24888726180383877,0.38360180984341613
29,9,Johnny Weir,Britt Stewart,30.0,0.15544105882304174,1,4,5,False,rank,0.12444363090191939,0.2798846897249611
29,9,Nev Schulman,Jenna Johnson,28.9998,0.15025865392188154,3,6,9,False,rank,0.10160779914964911,0.25186645307153066
29,9,AJ McLean,Cheryl Burke,24.9998,0.12953317941214265,6,5,11,True,rank,0.11130576722543409,0.24083894663757674
29,9,Nelly,Daniella Karagach,24.0,0.1243528470584334,7,2,9,False,rank,0.17598987057244597,0.3003427176308794
29,9,Kaitlyn Bristowe,Artem Chigvintsev,30.0,0.15544105882304174,1,7,8,False,rank,0.09407054274639748,0.24951160156943922
29,10,Skai Jackson,Alan Bersten,28.5,0.16379310344827586,4,4,8,True,rank,0.1373656965291538,0.30115879997742967
29,10,Justina Machado,Sasha Farber,29.0,0.16666666666666666,3,1,4,False,rank,0.2747313930583076,0.44139805972497426
29,10,Johnny Weir,Britt Stewart,28.5,0.16379310344827586,4,3,7,True,rank,0.15861624373705482,0.32240934718533065
29,10,Nev Schulman,Jenna Johnson,30.0,0.1724137931034483,1,6,7,False,rank,0.11215862155280971,0.284572414656258
29,10,Nelly,Daniella Karagach,28.0,0.16091954022988506,6,2,8,False,rank,0.1942644310363561,0.3551839712662411
29,10,Kaitlyn Bristowe,Artem Chigvintsev,30.0,0.1724137931034483,1,5,6,False,rank,0.12286361408631793,0.29527740718976625
29,11,Justina Machado,Sasha Farber,30.0,0.25316455696202533,1,1,2,False,rank,0.35913644272764145,0.6123009996896668
29,11,Nev Schulman,Jenna Johnson,30.0,0.25316455696202533,1,3,4,False,rank,0.20734752188460845,0.4605120788466338
29,11,Nelly,Daniella Karagach,28.5,0.24050632911392406,4,2,6,False,rank,0.2539478140239294,0.49445414313785346
29,11,Kaitlyn Bristowe,Artem Chigvintsev,30.0,0.25316455696202533,1,4,5,False,rank,0.17956822136382072,0.43273277832584606
30,1,Martin Kove,Britt Stewart,13.0,0.03551912568306011,15,1,16,False,rank,0.1559090802346026,0.19142820591766269
30,1,Brian Austin Green,Sharna Burgess,24.0,0.06557377049180328,9,2,11,False,rank,0.11024436788244502,0.1758181383742483
30,1,Melora Hardin,Artem Chigvintsev,26.0,0.07103825136612021,5,3,8,False,rank,0.09001414944255479,0.161052400808675
30,1,Matt James,Lindsay Arnold,24.0,0.06557377049180328,9,4,13,False,rank,0.0779545401173013,0.1435283106091046
30,1,"Mike ""The Miz"" Mizanin",Witney Carson,24.0,0.06557377049180328,9,5,14,False,rank,0.06972466034280805,0.13529843083461135
30,1,Suni Lee,Sasha Farber,28.0,0.07650273224043716,2,6,8,False,rank,0.06364961547356977,0.14015234771400692
30,1,Iman Shumpert,Daniella Karagach,21.0,0.05737704918032787,14,7,21,False,rank,0.058928093348224894,0.11630514252855276
30,1,Cody Rigsby,Cheryl Burke,24.0,0.06557377049180328,9,8,17,False,rank,0.05512218394122251,0.12069595443302579
30,1,Melanie C,Gleb Savchenko,27.0,0.07377049180327869,4,9,13,False,rank,0.05196969341153419,0.1257401852148129
30,1,Jimmie Allen,Emma Slater,22.0,0.060109289617486336,13,10,23,False,rank,0.049302780144328325,0.10941206976181467
30,1,Olivia Jade,Valentin Chmerkovskiy,25.0,0.06830601092896176,7,11,18,False,rank,0.04700835641341746,0.11531436734237921
30,1,JoJo Siwa,Jenna Johnson,29.0,0.07923497267759563,1,12,13,False,rank,0.04500707472127739,0.12424204739887303
30,1,Christine Chiu,Pasha Pashkov,25.0,0.06830601092896176,7,13,20,False,rank,0.04324139869971453,0.11154740962867629
30,1,Kenya Moore,Brandon Armstrong,26.0,0.07103825136612021,5,14,19,False,rank,0.04166845440892371,0.11270670577504392
30,1,Amanda Kloots,Alan Bersten,28.0,0.07650273224043716,2,15,17,False,rank,0.04025555141807545,0.11675828365851261
30,2,Martin Kove,Britt Stewart,15.0,0.03896103896103896,15,14,29,True,rank,0.04166845440892371,0.08062949336996267
30,2,Brian Austin Green,Sharna Burgess,23.0,0.05974025974025974,13,2,15,False,rank,0.11024436788244502,0.16998462762270475
30,2,Melora Hardin,Artem Chigvintsev,27.0,0.07012987012987013,5,3,8,False,rank,0.09001414944255479,0.1601440195724249
30,2,Matt James,Lindsay Arnold,22.0,0.05714285714285714,14,4,18,False,rank,0.0779545401173013,0.13509739726015843
30,2,"Mike ""The Miz"" Mizanin",Witney Carson,26.0,0.06753246753246753,8,5,13,False,rank,0.06972466034280805,0.13725712787527558
30,2,Suni Lee,Sasha Farber,28.0,0.07272727272727272,4,6,10,False,rank,0.06364961547356977,0.13637688820084248
30,2,Iman Shumpert,Daniella Karagach,25.0,0.06493506493506493,9,7,16,False,rank,0.058928093348224894,0.12386315828328982
30,2,Cody Rigsby,Cheryl Burke,24.0,0.06233766233766234,10,8,18,False,rank,0.05512218394122251,0.11745984627888484
30,2,Melanie C,Gleb Savchenko,30.0,0.07792207792207792,3,9,12,False,rank,0.05196969341153419,0.12989177133361213
30,2,Jimmie Allen,Emma Slater,27.0,0.07012987012987013,5,10,15,False,rank,0.049302780144328325,0.11943265027419844
30,2,Olivia Jade,Valentin Chmerkovskiy,27.0,0.07012987012987013,5,11,16,False,rank,0.04700835641341746,0.1171382265432876
30,2,JoJo Siwa,Jenna Johnson,31.0,0.08051948051948052,2,12,14,False,rank,0.04500707472127739,0.1255265552407579
30,2,Christine Chiu,Pasha Pashkov,24.0,0.06233766233766234,10,13,23,False,rank,0.04324139869971453,0.10557906103737687
30,2,Kenya Moore,Brandon Armstrong,24.0,0.06233766233766234,10,1,11,False,rank,0.1559090802346026,0.21824674257226492
30,2,Amanda Kloots,Alan Bersten,32.0,0.08311688311688312,1,15,16,False,rank,0.04025555141807545,0.12337243453495857
30,3,Brian Austin Green,Sharna Burgess,19.0,0.06375838926174497,12,2,14,False,rank,0.11486846112560188,0.17862685038734685
30,3,Melora Hardin,Artem Chigvintsev,23.0,0.07718120805369127,4,3,7,False,rank,0.09378970576548337,0.17097091381917465
30,3,Matt James,Lindsay Arnold,20.0,0.06711409395973154,10,4,14,False,rank,0.08122426780637641,0.14833836176610796
30,3,"Mike ""The Miz"" Mizanin",Witney Carson,22.0,0.0738255033557047,5,5,10,False,rank,0.07264919369508216,0.14647469705078686
30,3,Suni Lee,Sasha Farber,21.0,0.07046979865771812,7,6,13,False,rank,0.06631933695226433,0.13678913560998246
30,3,Iman Shumpert,Daniella Karagach,19.0,0.06375838926174497,12,7,19,False,rank,0.06139977515399481,0.1251581644157398
30,3,Cody Rigsby,Cheryl Burke,18.0,0.06040268456375839,14,13,27,False,rank,0.04505511729044756,0.10545780185420595
30,3,Melanie C,Gleb Savchenko,22.0,0.0738255033557047,5,9,14,False,rank,0.05414951187091761,0.1279750152266223
30,3,Jimmie Allen,Emma Slater,20.0,0.06711409395973154,10,10,20,False,rank,0.05137073750952757,0.11848483146925912
30,3,Olivia Jade,Valentin Chmerkovskiy,24.0,0.08053691275167785,1,11,12,False,rank,0.04898007639728983,0.12951698914896767
30,3,JoJo Siwa,Jenna Johnson,24.0,0.08053691275167785,1,12,13,False,rank,0.046894852882741686,0.12743176563441955
30,3,Christine Chiu,Pasha Pashkov,21.0,0.07046979865771812,7,8,15,True,rank,0.05743423056280094,0.12790402922051905
30,3,Kenya Moore,Brandon Armstrong,21.0,0.07046979865771812,7,1,8,False,rank,0.16244853561275283,0.23291833427047093
30,3,Amanda Kloots,Alan Bersten,24.0,0.08053691275167785,1,14,15,False,rank,0.04341619737471902,0.12395311012639687
30,4,Brian Austin Green,Sharna Burgess,26.0,0.06235011990407674,13,13,26,True,rank,0.047100021103009246,0.10945014100708599
30,4,Melora Hardin,Artem Chigvintsev,36.5,0.08752997601918465,1,3,4,False,rank,0.0980465125042717,0.18557648852345635
30,4,Matt James,Lindsay Arnold,28.5,0.0683453237410072,12,4,16,True,rank,0.0849107705811679,0.1532560943221751
30,4,"Mike ""The Miz"" Mizanin",Witney Carson,32.5,0.07793764988009592,7,5,12,False,rank,0.07594650201655229,0.15388415189664822
30,4,Suni Lee,Sasha Farber,34.0,0.0815347721822542,4,6,10,False,rank,0.06932935386346215,0.15086412604571636
30,4,Iman Shumpert,Daniella Karagach,31.5,0.07553956834532374,9,7,16,False,rank,0.06418650931103703,0.13972607765636078
30,4,Cody Rigsby,Cheryl Burke,29.0,0.06954436450839328,11,2,13,False,rank,0.12008196334743804,0.18962632785583133
30,4,Melanie C,Gleb Savchenko,33.0,0.07913669064748201,6,9,15,False,rank,0.05660718038744526,0.13574387103492727
30,4,Jimmie Allen,Emma Slater,32.5,0.07793764988009592,7,10,17,False,rank,0.053702286583301936,0.13163993646339786
30,4,Olivia Jade,Valentin Chmerkovskiy,35.0,0.08393285371702638,2,11,13,False,rank,0.051203121214123896,0.1351359749311503
30,4,JoJo Siwa,Jenna Johnson,35.0,0.08393285371702638,2,12,14,False,rank,0.04902325625213585,0.13295610996916224
30,4,Kenya Moore,Brandon Armstrong,29.5,0.07074340527577938,10,1,11,False,rank,0.1698215411623358,0.24056494643811518
30,4,Amanda Kloots,Alan Bersten,34.0,0.0815347721822542,4,8,12,False,rank,0.06004098167371902,0.1415757538559732
30,5,Melora Hardin,Artem Chigvintsev,36.0,0.09350649350649351,3,3,6,False,rank,0.10847332390348043,0.20197981740997395
30,5,"Mike ""The Miz"" Mizanin",Witney Carson,32.0,0.08311688311688312,9,5,14,False,rank,0.0840230753971885,0.16713995851407162
30,5,Suni Lee,Sasha Farber,36.0,0.09350649350649351,3,6,9,False,rank,0.07670222290999583,0.17020871641648933
30,5,Iman Shumpert,Daniella Karagach,28.0,0.07272727272727272,11,9,20,False,rank,0.06262710275556788,0.1353543754828406
30,5,Cody Rigsby,Cheryl Burke,32.0,0.08311688311688312,9,2,11,False,rank,0.13285214713358628,0.2159690302504694
30,5,Melanie C,Gleb Savchenko,36.0,0.09350649350649351,3,7,10,True,rank,0.0710124596673088,0.16451895317380233
30,5,Jimmie Allen,Emma Slater,34.0,0.08831168831168831,8,10,18,False,rank,0.059413286389500566,0.1477249747011889
30,5,Olivia Jade,Valentin Chmerkovskiy,36.0,0.09350649350649351,3,11,14,False,rank,0.056648345876523114,0.15015483938301663
30,5,JoJo Siwa,Jenna Johnson,40.0,0.1038961038961039,1,4,5,False,rank,0.09394065413335183,0.19783675802945572
30,5,Kenya Moore,Brandon Armstrong,36.0,0.09350649350649351,3,1,4,False,rank,0.18788130826670366,0.28138780177319717
30,5,Amanda Kloots,Alan Bersten,39.0,0.1012987012987013,2,8,10,False,rank,0.06642607356679314,0.16772477486549445
30,6,Melora Hardin,Artem Chigvintsev,34.0,0.09340659340659341,8,3,11,False,rank,0.11498715609320612,0.20839374949979952
30,6,"Mike ""The Miz"" Mizanin",Witney Carson,34.0,0.09340659340659341,8,1,9,False,rank,0.19916359657128618,0.2925701899778796
30,6,Suni Lee,Sasha Farber,36.0,0.0989010989010989,5,6,11,False,rank,0.08130819782286208,0.18020929672396097
30,6,Iman Shumpert,Daniella Karagach,40.0,0.10989010989010989,1,9,10,False,rank,0.06638786552376205,0.17627797541387194
30,6,Cody Rigsby,Cheryl Burke,36.0,0.0989010989010989,5,2,7,False,rank,0.14082992970105826,0.23973102860215717
30,6,Jimmie Allen,Emma Slater,38.0,0.1043956043956044,3,10,13,False,rank,0.06298105921561659,0.167376663611221
30,6,Olivia Jade,Valentin Chmerkovskiy,36.0,0.0989010989010989,5,7,12,False,rank,0.07527676382068851,0.17417786272178742
30,6,JoJo Siwa,Jenna Johnson,40.0,0.10989010989010989,1,4,5,False,rank,0.09958179828564309,0.20947190817575298
30,6,Kenya Moore,Brandon Armstrong,32.0,0.08791208791208792,10,5,15,True,rank,0.08906866811534798,0.1769807560274359
30,6,Amanda Kloots,Alan Bersten,38.0,0.1043956043956044,3,8,11,False,rank,0.07041496485052913,0.17481056924613353
30,7,Melora Hardin,Artem Chigvintsev,38.0,0.1162079510703364,3,3,6,False,rank,0.1227159357066462,0.2389238867769826
30,7,"Mike ""The Miz"" Mizanin",Witney Carson,32.0,0.09785932721712538,9,9,18,True,rank,0.07085007851408898,0.16870940573121435
30,7,Suni Lee,Sasha Farber,34.0,0.10397553516819572,6,6,12,False,rank,0.0867732702978219,0.19074880546601763
30,7,Iman Shumpert,Daniella Karagach,34.0,0.10397553516819572,6,1,7,False,rank,0.21255023554226696,0.3165257707104627
30,7,Cody Rigsby,Cheryl Burke,36.0,0.11009174311926606,5,2,7,False,rank,0.15029571289473487,0.26038745601400093
30,7,Jimmie Allen,Emma Slater,38.0,0.1162079510703364,3,5,8,False,rank,0.09505535506122015,0.21126330613155653
30,7,Olivia Jade,Valentin Chmerkovskiy,42.0,0.12844036697247707,1,7,8,False,rank,0.08033643776472003,0.20877680473719712
30,7,JoJo Siwa,Jenna Johnson,39.0,0.11926605504587157,2,4,6,False,rank,0.10627511777113348,0.22554117281700503
30,7,Amanda Kloots,Alan Bersten,34.0,0.10397553516819572,6,8,14,False,rank,0.07514785644736743,0.17912339161556315
30,8,Melora Hardin,Artem Chigvintsev,42.0,0.13636363636363635,1,3,4,False,rank,0.13207334238418378,0.26843697874782013
30,8,Suni Lee,Sasha Farber,42.0,0.13636363636363635,1,6,7,False,rank,0.093389956013829,0.22975359237746534
30,8,Iman Shumpert,Daniella Karagach,35.0,0.11363636363636363,7,1,8,False,rank,0.2287577393348463,0.3423941029712099
30,8,Cody Rigsby,Cheryl Burke,38.0,0.12337662337662338,5,2,7,False,rank,0.1617561487325744,0.2851327721091978
30,8,Jimmie Allen,Emma Slater,32.0,0.1038961038961039,8,5,13,True,rank,0.10230357110637876,0.20619967500248265
30,8,Olivia Jade,Valentin Chmerkovskiy,36.0,0.11688311688311688,6,7,13,True,rank,0.08646229839447735,0.20334541527759423
30,8,JoJo Siwa,Jenna Johnson,41.0,0.1331168831168831,4,4,8,False,rank,0.11437886966742315,0.24749575278430624
30,8,Amanda Kloots,Alan Bersten,42.0,0.13636363636363635,1,8,9,False,rank,0.0808780743662872,0.21724171072992354
30,9,Melora Hardin,Artem Chigvintsev,36.0,0.1592920353982301,5,6,11,True,rank,0.11215862155280971,0.2714506569510398
30,9,Suni Lee,Sasha Farber,37.5,0.16592920353982302,3,3,6,True,rank,0.15861624373705482,0.32454544727687784
30,9,Iman Shumpert,Daniella Karagach,37.5,0.16592920353982302,3,1,4,False,rank,0.2747313930583076,0.4406605965981306
30,9,Cody Rigsby,Cheryl Burke,35.5,0.1570796460176991,6,2,8,False,rank,0.1942644310363561,0.35134407705405524
30,9,JoJo Siwa,Jenna Johnson,40.0,0.17699115044247787,1,4,5,False,rank,0.1373656965291538,0.3143568469716317
30,9,Amanda Kloots,Alan Bersten,39.5,0.1747787610619469,2,5,7,False,rank,0.12286361408631793,0.29764237514826486
30,10,Iman Shumpert,Daniella Karagach,40.0,0.25477707006369427,1,1,2,False,rank,0.35913644272764145,0.6139135127913358
30,10,Cody Rigsby,Cheryl Burke,38.0,0.24203821656050956,4,2,6,False,rank,0.2539478140239294,0.49598603058443896
30,10,JoJo Siwa,Jenna Johnson,40.0,0.25477707006369427,1,4,5,False,rank,0.17956822136382072,0.434345291427515
30,10,Amanda Kloots,Alan Bersten,39.0,0.2484076433121019,3,3,6,False,rank,0.20734752188460845,0.45575516519671033
31,1,Jason Lewis,Peta Murgatroyd,18.0,0.04712041884816754,15,1,16,True,rank,0.1500601454214696,0.19718056426963712
31,1,Cheryl Ladd,Louis van Amstel,21.0,0.0549738219895288,10,2,12,False,rank,0.1061085464133606,0.1610823684028894
31,1,Selma Blair,Sasha Farber,28.0,0.07329842931937172,3,3,6,False,rank,0.08663726535371986,0.1599356946730916
31,1,Joseph Baena,Daniella Karagach,23.0,0.060209424083769635,9,4,13,False,rank,0.0750300727107348,0.13523949679450442
31,1,Trevor Donovan,Emma Slater,21.0,0.0549738219895288,10,5,15,False,rank,0.06710893717518196,0.12208275916471076
31,1,Daniel Durant,Britt Stewart,27.0,0.07068062827225131,6,6,12,False,rank,0.06126179783507365,0.13194242610732496
31,1,Wayne Brady,Witney Carson,29.0,0.07591623036649214,2,7,9,False,rank,0.05671740378391375,0.1326336341504059
31,1,Sam Champion,Cheryl Burke,20.0,0.05235602094240838,12,8,20,False,rank,0.0530542732066803,0.10541029414908867
31,1,Jessie James Decker,Alan Bersten,20.0,0.05235602094240838,12,9,21,False,rank,0.05002004847382319,0.10237606941623156
31,1,Jordin Sparks,Brandon Armstrong,26.0,0.06806282722513089,7,10,17,False,rank,0.04745318455479316,0.11551601177992404
31,1,Heidi D'Amelio,Artem Chigvintsev,24.0,0.06282722513089005,8,11,19,False,rank,0.04524483621356204,0.10807206134445209
31,1,Charli D'Amelio,Mark Ballas,32.0,0.08376963350785341,1,12,13,False,rank,0.04331863267685993,0.12708826618471333
31,1,Teresa Giudice,Pasha Pashkov,20.0,0.05235602094240838,12,13,25,False,rank,0.041619196055437804,0.09397521699784618
31,1,Vinny Guadagnino,Koko Iwasaki,17.0,0.04450261780104712,16,14,30,False,rank,0.04010526082690097,0.08460787862794808
31,1,Shangela,Gleb Savchenko,28.0,0.07329842931937172,3,15,18,False,rank,0.03874536294312099,0.11204379226249271
31,1,Gabby Windey,Valentin Chmerkovskiy,28.0,0.07329842931937172,3,16,19,False,rank,0.0375150363553674,0.11081346567473913
31,2,Cheryl Ladd,Louis van Amstel,21.0,0.050970873786407765,15,2,17,False,rank,0.11024436788244502,0.1612152416688528
31,2,Selma Blair,Sasha Farber,28.0,0.06796116504854369,6,3,9,False,rank,0.09001414944255479,0.15797531449109847
31,2,Joseph Baena,Daniella Karagach,24.0,0.05825242718446602,13,4,17,False,rank,0.0779545401173013,0.13620696730176732
31,2,Trevor Donovan,Emma Slater,30.0,0.07281553398058252,4,5,9,False,rank,0.06972466034280805,0.14254019432339057
31,2,Daniel Durant,Britt Stewart,29.0,0.0703883495145631,5,6,11,False,rank,0.06364961547356977,0.13403796498813286
31,2,Wayne Brady,Witney Carson,32.0,0.07766990291262135,1,7,8,False,rank,0.058928093348224894,0.13659799626084623
31,2,Sam Champion,Cheryl Burke,26.0,0.06310679611650485,11,8,19,False,rank,0.05512218394122251,0.11822898005772736
31,2,Jessie James Decker,Alan Bersten,25.0,0.06067961165048544,12,9,21,False,rank,0.05196969341153419,0.11264930506201963
31,2,Jordin Sparks,Brandon Armstrong,27.0,0.06553398058252427,9,10,19,False,rank,0.049302780144328325,0.11483676072685259
31,2,Heidi D'Amelio,Artem Chigvintsev,28.0,0.06796116504854369,6,11,17,False,rank,0.04700835641341746,0.11496952146196115
31,2,Charli D'Amelio,Mark Ballas,32.0,0.07766990291262135,1,12,13,False,rank,0.04500707472127739,0.12267697763389875
31,2,Teresa Giudice,Pasha Pashkov,23.0,0.055825242718446605,14,13,27,True,rank,0.04324139869971453,0.09906664141816113
31,2,Vinny Guadagnino,Koko Iwasaki,27.0,0.06553398058252427,9,14,23,False,rank,0.04166845440892371,0.10720243499144798
31,2,Shangela,Gleb Savchenko,28.0,0.06796116504854369,6,15,21,False,rank,0.04025555141807545,0.10821671646661914
31,2,Gabby Windey,Valentin Chmerkovskiy,32.0,0.07766990291262135,1,1,2,False,rank,0.1559090802346026,0.23357898314722395
31,3,Cheryl Ladd,Louis van Amstel,24.0,0.05955334987593052,13,14,27,True,rank,0.04341619737471902,0.10296954725064955
31,3,Selma Blair,Sasha Farber,28.0,0.06947890818858561,9,3,12,False,rank,0.09378970576548337,0.163268613954069
31,3,Joseph Baena,Daniella Karagach,29.0,0.07196029776674938,7,4,11,False,rank,0.08122426780637641,0.1531845655731258
31,3,Trevor Donovan,Emma Slater,27.0,0.06699751861042183,10,5,15,False,rank,0.07264919369508216,0.139646712305504
31,3,Daniel Durant,Britt Stewart,31.0,0.07692307692307693,5,6,11,False,rank,0.06631933695226433,0.14324241387534126
31,3,Wayne Brady,Witney Carson,33.0,0.08188585607940446,1,7,8,False,rank,0.06139977515399481,0.14328563123339927
31,3,Sam Champion,Cheryl Burke,25.0,0.062034739454094295,12,8,20,False,rank,0.05743423056280094,0.11946897001689524
31,3,Jessie James Decker,Alan Bersten,26.0,0.06451612903225806,11,9,20,False,rank,0.05414951187091761,0.11866564090317568
31,3,Jordin Sparks,Brandon Armstrong,29.0,0.07196029776674938,7,10,17,False,rank,0.05137073750952757,0.12333103527627695
31,3,Heidi D'Amelio,Artem Chigvintsev,32.0,0.0794044665012407,4,11,15,False,rank,0.04898007639728983,0.12838454289853052
31,3,Charli D'Amelio,Mark Ballas,33.0,0.08188585607940446,1,12,13,False,rank,0.046894852882741686,0.12878070896214616
31,3,Vinny Guadagnino,Koko Iwasaki,23.0,0.05707196029776675,14,2,16,False,rank,0.11486846112560188,0.17194042142336863
31,3,Shangela,Gleb Savchenko,30.0,0.07444168734491315,6,13,19,False,rank,0.04505511729044756,0.1194968046353607
31,3,Gabby Windey,Valentin Chmerkovskiy,33.0,0.08188585607940446,1,1,2,False,rank,0.16244853561275283,0.2443343916921573
31,4,Selma Blair,Sasha Farber,32.0,0.07804878048780488,6,3,9,False,rank,0.0980465125042717,0.17609529299207657
31,4,Joseph Baena,Daniella Karagach,28.0,0.06829268292682927,11,4,15,False,rank,0.0849107705811679,0.1532034535079972
31,4,Trevor Donovan,Emma Slater,28.0,0.06829268292682927,11,5,16,False,rank,0.07594650201655229,0.14423918494338156
31,4,Daniel Durant,Britt Stewart,29.0,0.07073170731707316,9,6,15,False,rank,0.06932935386346215,0.1400610611805353
31,4,Wayne Brady,Witney Carson,36.0,0.08780487804878048,1,7,8,False,rank,0.06418650931103703,0.15199138735981751
31,4,Sam Champion,Cheryl Burke,25.0,0.06097560975609756,13,8,21,True,rank,0.06004098167371902,0.12101659142981658
31,4,Jessie James Decker,Alan Bersten,31.0,0.07560975609756097,8,9,17,False,rank,0.05660718038744526,0.13221693648500624
31,4,Jordin Sparks,Brandon Armstrong,34.0,0.08292682926829269,4,10,14,False,rank,0.053702286583301936,0.13662911585159462
31,4,Heidi D'Amelio,Artem Chigvintsev,34.0,0.08292682926829269,4,11,15,False,rank,0.051203121214123896,0.13412995048241658
31,4,Charli D'Amelio,Mark Ballas,36.0,0.08780487804878048,1,12,13,False,rank,0.04902325625213585,0.13682813430091634
31,4,Vinny Guadagnino,Koko Iwasaki,29.0,0.07073170731707316,9,2,11,False,rank,0.12008196334743804,0.19081367066451121
31,4,Shangela,Gleb Savchenko,32.0,0.07804878048780488,6,13,19,False,rank,0.047100021103009246,0.12514880159081412
31,4,Gabby Windey,Valentin Chmerkovskiy,36.0,0.08780487804878048,1,1,2,False,rank,0.1698215411623358,0.2576264192111163
31,5,Selma Blair,Sasha Farber,40.0,0.08918617614269789,4,3,7,False,rank,0.10289276385309963,0.1920789399957975
31,5,Joseph Baena,Daniella Karagach,35.0,0.07803790412486064,10,10,20,True,rank,0.05635668776639483,0.13439459189125547
31,5,Trevor Donovan,Emma Slater,36.0,0.0802675585284281,7,5,12,False,rank,0.07970039216966146,0.15996795069808956
31,5,Daniel Durant,Britt Stewart,33.5,0.07469342251950947,11,6,17,False,rank,0.07275617105555282,0.1474495935750623
31,5,Wayne Brady,Witney Carson,41.0,0.09141583054626533,2,7,9,False,rank,0.06735912554572072,0.15877495609198605
31,5,Jessie James Decker,Alan Bersten,36.0,0.0802675585284281,7,9,16,False,rank,0.05940516490825165,0.13967272343667975
31,5,Jordin Sparks,Brandon Armstrong,35.5,0.07915273132664437,9,4,13,False,rank,0.08910774736237749,0.16826047868902186
31,5,Heidi D'Amelio,Artem Chigvintsev,39.0,0.08695652173913043,5,11,16,False,rank,0.05373399343905221,0.14069051517818265
31,5,Charli D'Amelio,Mark Ballas,42.0,0.09364548494983277,1,12,13,False,rank,0.051446381926549815,0.1450918668763826
31,5,Vinny Guadagnino,Koko Iwasaki,31.0,0.06911928651059086,12,2,14,False,rank,0.1260173848323896,0.19513667134298046
31,5,Shangela,Gleb Savchenko,38.5,0.0858416945373467,6,8,14,False,rank,0.0630086924161948,0.14885038695354152
31,5,Gabby Windey,Valentin Chmerkovskiy,41.0,0.09141583054626533,2,1,3,False,rank,0.17821549472475498,0.2696313252710203
31,6,Trevor Donovan,Emma Slater,34.0,0.09855072463768116,5,5,10,False,rank,0.08906866811534798,0.18761939275302913
31,6,Daniel Durant,Britt Stewart,34.0,0.09855072463768116,5,6,11,False,rank,0.08130819782286208,0.17985892246054325
31,6,Wayne Brady,Witney Carson,34.0,0.09855072463768116,5,7,12,False,rank,0.07527676382068851,0.17382748845836968
31,6,Jessie James Decker,Alan Bersten,32.0,0.0927536231884058,9,9,18,True,rank,0.06638786552376205,0.15914148871216785
31,6,Jordin Sparks,Brandon Armstrong,34.0,0.09855072463768116,5,4,9,False,rank,0.09958179828564309,0.19813252292332426
31,6,Heidi D'Amelio,Artem Chigvintsev,36.0,0.10434782608695652,3,10,13,False,rank,0.06298105921561659,0.16732888530257312
31,6,Charli D'Amelio,Mark Ballas,40.0,0.11594202898550725,1,3,4,False,rank,0.11498715609320612,0.23092918507871335
31,6,Vinny Guadagnino,Koko Iwasaki,28.0,0.08115942028985507,10,2,12,False,rank,0.14082992970105826,0.22198934999091333
31,6,Shangela,Gleb Savchenko,36.0,0.10434782608695652,3,8,11,False,rank,0.07041496485052913,0.17476279093748565
31,6,Gabby Windey,Valentin Chmerkovskiy,37.0,0.1072463768115942,2,1,3,False,rank,0.19916359657128618,0.3064099733828804
31,7,Trevor Donovan,Emma Slater,39.0,0.11981566820276497,1,5,6,False,rank,0.09505535506122015,0.2148710232639851
31,7,Daniel Durant,Britt Stewart,36.5,0.11213517665130568,4,6,10,False,rank,0.0867732702978219,0.19890844694912757
31,7,Wayne Brady,Witney Carson,38.0,0.11674347158218126,3,7,10,False,rank,0.08033643776472003,0.19707990934690128
31,7,Jordin Sparks,Brandon Armstrong,34.5,0.10599078341013825,8,9,17,True,rank,0.07085007851408898,0.1768408619242272
31,7,Heidi D'Amelio,Artem Chigvintsev,35.0,0.10752688172043011,7,4,11,False,rank,0.10627511777113348,0.2138019994915636
31,7,Charli D'Amelio,Mark Ballas,39.0,0.11981566820276497,1,3,4,False,rank,0.1227159357066462,0.24253160390941117
31,7,Vinny Guadagnino,Koko Iwasaki,31.5,0.0967741935483871,9,2,11,False,rank,0.15029571289473487,0.24706990644312196
31,7,Shangela,Gleb Savchenko,36.5,0.11213517665130568,4,8,12,False,rank,0.07514785644736743,0.1872830330986731
31,7,Gabby Windey,Valentin Chmerkovskiy,35.5,0.10906298003072197,6,1,7,False,rank,0.21255023554226696,0.32161321557298894
31,8,Trevor Donovan,Emma Slater,39.0,0.12420382165605096,5,5,10,False,rank,0.10230357110637876,0.2265073927624297
31,8,Daniel Durant,Britt Stewart,39.0,0.12420382165605096,5,6,11,False,rank,0.093389956013829,0.21759377766987997
31,8,Wayne Brady,Witney Carson,45.0,0.14331210191082802,1,7,8,False,rank,0.08646229839447735,0.22977440030530538
31,8,Heidi D'Amelio,Artem Chigvintsev,35.0,0.11146496815286625,7,4,11,True,rank,0.11437886966742315,0.22584383782028938
31,8,Charli D'Amelio,Mark Ballas,45.0,0.14331210191082802,1,3,4,False,rank,0.13207334238418378,0.27538544429501177
31,8,Vinny Guadagnino,Koko Iwasaki,29.0,0.09235668789808917,8,2,10,True,rank,0.1617561487325744,0.2541128366306636
31,8,Shangela,Gleb Savchenko,42.0,0.1337579617834395,3,8,11,False,rank,0.0808780743662872,0.2146360361497267
31,8,Gabby Windey,Valentin Chmerkovskiy,40.0,0.12738853503184713,4,1,5,False,rank,0.2287577393348463,0.35614627436669344
31,9,Trevor Donovan,Emma Slater,32.5,0.14772727272727273,6,5,11,True,rank,0.12286361408631793,0.27059088681359067
31,9,Daniel Durant,Britt Stewart,34.5,0.15681818181818183,5,6,11,True,rank,0.11215862155280971,0.26897680337099156
31,9,Wayne Brady,Witney Carson,36.5,0.16590909090909092,3,4,7,False,rank,0.1373656965291538,0.30327478743824476
31,9,Charli D'Amelio,Mark Ballas,40.0,0.18181818181818182,1,3,4,False,rank,0.15861624373705482,0.3404344255552366
31,9,Shangela,Gleb Savchenko,36.5,0.16590909090909092,3,2,5,False,rank,0.1942644310363561,0.36017352194544705
31,9,Gabby Windey,Valentin Chmerkovskiy,40.0,0.18181818181818182,1,1,2,False,rank,0.2747313930583076,0.45654957487648945
31,10,Wayne Brady,Witney Carson,38.0,0.24358974358974358,3,4,7,False,rank,0.17956822136382072,0.4231579649535643
31,10,Charli D'Amelio,Mark Ballas,40.0,0.2564102564102564,1,3,4,False,rank,0.20734752188460845,0.46375777829486486
31,10,Shangela,Gleb Savchenko,38.0,0.24358974358974358,3,2,5,False,rank,0.2539478140239294,0.497537557613673
31,10,Gabby Windey,Valentin Chmerkovskiy,40.0,0.2564102564102564,1,1,2,False,rank,0.35913644272764145,0.6155466991378978
32,1,Jamie Lynn Spears,Alan Bersten,15.0,0.06493506493506493,9,1,10,False,rank,0.16244853561275283,0.22738360054781775
32,1,Mira Sorvino,Gleb Savchenko,17.0,0.0735930735930736,7,2,9,False,rank,0.11486846112560188,0.1884615347186755
32,1,Barry Williams,Peta Murgatroyd,16.0,0.06926406926406926,8,3,11,False,rank,0.09378970576548337,0.16305377502955265
32,1,Alyson Hannigan,Sasha Farber,13.0,0.05627705627705628,11,4,15,False,rank,0.08122426780637641,0.13750132408343269
32,1,Xochitl Gomez,Valentin Chmerkovskiy,18.0,0.07792207792207792,5,5,10,False,rank,0.07264919369508216,0.15057127161716008
32,1,Adrian Peterson,Britt Stewart,18.0,0.07792207792207792,5,6,11,False,rank,0.06631933695226433,0.14424141487434225
32,1,Matt Walsh,Koko Iwasaki,12.0,0.05194805194805195,12,7,19,True,rank,0.06139977515399481,0.11334782710204676
32,1,Tyson Beckford,Jenna Johnson,12.0,0.05194805194805195,12,8,20,False,rank,0.05743423056280094,0.10938228251085289
32,1,Jason Mraz,Daniella Karagach,21.0,0.09090909090909091,2,9,11,False,rank,0.05414951187091761,0.14505860278000854
32,1,Lele Pons,Brandon Armstrong,19.0,0.08225108225108226,4,10,14,False,rank,0.05137073750952757,0.13362181976060983
32,1,Harry Jowsey,Rylee Arnold,12.0,0.05194805194805195,12,11,23,False,rank,0.04898007639728983,0.10092812834534179
32,1,Mauricio Umansky,Emma Slater,15.0,0.06493506493506493,9,12,21,False,rank,0.046894852882741686,0.11182991781780661
32,1,Charity Lawson,Artem Chigvintsev,22.0,0.09523809523809523,1,13,14,False,rank,0.04505511729044756,0.1402932125285428
32,1,Ariana Madix,Pasha Pashkov,21.0,0.09090909090909091,2,14,16,False,rank,0.04341619737471902,0.13432528828380993
32,2,Jamie Lynn Spears,Alan Bersten,16.0,0.06722689075630252,9,12,21,True,rank,0.04902325625213585,0.11625014700843836
32,2,Mira Sorvino,Gleb Savchenko,18.0,0.07563025210084033,7,2,9,False,rank,0.12008196334743804,0.19571221544827838
32,2,Barry Williams,Peta Murgatroyd,15.0,0.06302521008403361,10,3,13,False,rank,0.0980465125042717,0.16107172258830532
32,2,Alyson Hannigan,Sasha Farber,19.0,0.07983193277310924,6,4,10,False,rank,0.0849107705811679,0.16474270335427715
32,2,Xochitl Gomez,Valentin Chmerkovskiy,24.0,0.10084033613445378,1,5,6,False,rank,0.07594650201655229,0.17678683815100607
32,2,Adrian Peterson,Britt Stewart,15.0,0.06302521008403361,10,6,16,False,rank,0.06932935386346215,0.13235456394749576
32,2,Tyson Beckford,Jenna Johnson,18.0,0.07563025210084033,7,8,15,False,rank,0.06004098167371902,0.13567123377455936
32,2,Jason Mraz,Daniella Karagach,24.0,0.10084033613445378,1,9,10,False,rank,0.05660718038744526,0.15744751652189903
32,2,Lele Pons,Brandon Armstrong,21.0,0.08823529411764706,3,10,13,False,rank,0.053702286583301936,0.141937580700949
32,2,Harry Jowsey,Rylee Arnold,15.0,0.06302521008403361,10,11,21,False,rank,0.051203121214123896,0.11422833129815751
32,2,Mauricio Umansky,Emma Slater,12.0,0.05042016806722689,13,1,14,False,rank,0.1698215411623358,0.2202417092295627
32,2,Charity Lawson,Artem Chigvintsev,21.0,0.08823529411764706,3,13,16,False,rank,0.047100021103009246,0.1353353152206563
32,2,Ariana Madix,Pasha Pashkov,20.0,0.08403361344537816,5,7,12,False,rank,0.06418650931103703,0.1482201227564152
32,3,Mira Sorvino,Gleb Savchenko,26.0,0.0804953560371517,6,2,8,False,rank,0.1260173848323896,0.2065127408695413
32,3,Barry Williams,Peta Murgatroyd,25.0,0.07739938080495357,7,3,10,False,rank,0.10289276385309963,0.1802921446580532
32,3,Alyson Hannigan,Sasha Farber,24.0,0.07430340557275542,8,4,12,False,rank,0.08910774736237749,0.16341115293513292
32,3,Xochitl Gomez,Valentin Chmerkovskiy,32.0,0.09907120743034056,3,5,8,False,rank,0.07970039216966146,0.17877159960000202
32,3,Adrian Peterson,Britt Stewart,22.0,0.06811145510835913,11,6,17,False,rank,0.07275617105555282,0.14086762616391196
32,3,Tyson Beckford,Jenna Johnson,20.0,0.06191950464396285,12,8,20,True,rank,0.0630086924161948,0.12492819706015765
32,3,Jason Mraz,Daniella Karagach,34.0,0.10526315789473684,1,9,10,False,rank,0.05940516490825165,0.1646683228029885
32,3,Lele Pons,Brandon Armstrong,27.0,0.08359133126934984,5,10,15,False,rank,0.05635668776639483,0.13994801903574466
32,3,Harry Jowsey,Rylee Arnold,24.0,0.07430340557275542,8,11,19,False,rank,0.05373399343905221,0.12803739901180763
32,3,Mauricio Umansky,Emma Slater,23.0,0.07120743034055728,10,1,11,False,rank,0.17821549472475498,0.24942292506531227
32,3,Charity Lawson,Artem Chigvintsev,32.0,0.09907120743034056,3,12,15,False,rank,0.051446381926549815,0.15051758935689039
32,3,Ariana Madix,Pasha Pashkov,34.0,0.10526315789473684,1,7,8,False,rank,0.06735912554572072,0.17262228344045755
32,4,Mira Sorvino,Gleb Savchenko,21.0,0.0875,6,2,8,False,rank,0.13285214713358628,0.22035214713358628
32,4,Barry Williams,Peta Murgatroyd,18.0,0.075,10,3,13,False,rank,0.10847332390348043,0.18347332390348042
32,4,Alyson Hannigan,Sasha Farber,18.0,0.075,10,4,14,False,rank,0.09394065413335183,0.16894065413335183
32,4,Xochitl Gomez,Valentin Chmerkovskiy,27.0,0.1125,1,5,6,False,rank,0.0840230753971885,0.1965230753971885
32,4,Adrian Peterson,Britt Stewart,21.0,0.0875,6,11,17,True,rank,0.056648345876523114,0.14414834587652312
32,4,Jason Mraz,Daniella Karagach,24.0,0.1,3,9,12,False,rank,0.06262710275556788,0.16262710275556788
32,4,Lele Pons,Brandon Armstrong,22.0,0.09166666666666666,5,10,15,False,rank,0.059413286389500566,0.15107995305616723
32,4,Harry Jowsey,Rylee Arnold,21.0,0.0875,6,6,12,False,rank,0.07670222290999583,0.1642022229099958
32,4,Mauricio Umansky,Emma Slater,19.0,0.07916666666666666,9,1,10,False,rank,0.18788130826670366,0.2670479749333703
32,4,Charity Lawson,Artem Chigvintsev,24.0,0.1,3,8,11,False,rank,0.06642607356679314,0.16642607356679315
32,4,Ariana Madix,Pasha Pashkov,25.0,0.10416666666666667,2,7,9,False,rank,0.0710124596673088,0.17517912633397548
32,5,Mira Sorvino,Gleb Savchenko,22.0,0.09166666666666666,8,6,14,True,rank,0.08130819782286208,0.17297486448952876
32,5,Barry Williams,Peta Murgatroyd,24.0,0.1,4,3,7,False,rank,0.11498715609320612,0.21498715609320612
32,5,Alyson Hannigan,Sasha Farber,21.0,0.0875,9,4,13,False,rank,0.09958179828564309,0.18708179828564309
32,5,Xochitl Gomez,Valentin Chmerkovskiy,28.0,0.11666666666666667,1,5,6,False,rank,0.08906866811534798,0.20573533478201467
32,5,Jason Mraz,Daniella Karagach,27.0,0.1125,3,9,12,False,rank,0.06638786552376205,0.17888786552376207
32,5,Lele Pons,Brandon Armstrong,24.0,0.1,4,10,14,False,rank,0.06298105921561659,0.1629810592156166
32,5,Harry Jowsey,Rylee Arnold,18.0,0.075,10,2,12,False,rank,0.14082992970105826,0.21582992970105824
32,5,Mauricio Umansky,Emma Slater,24.0,0.1,4,1,5,False,rank,0.19916359657128618,0.2991635965712862
32,5,Charity Lawson,Artem Chigvintsev,28.0,0.11666666666666667,1,8,9,False,rank,0.07041496485052913,0.1870816315171958
32,5,Ariana Madix,Pasha Pashkov,24.0,0.1,4,7,11,False,rank,0.07527676382068851,0.17527676382068852
32,6,Barry Williams,Peta Murgatroyd,32.0,0.09937888198757763,7,3,10,False,rank,0.1227159357066462,0.22209481769422385
32,6,Alyson Hannigan,Sasha Farber,31.0,0.09627329192546584,8,1,9,False,rank,0.21255023554226696,0.3088235274677328
32,6,Xochitl Gomez,Valentin Chmerkovskiy,42.0,0.13043478260869565,1,5,6,False,rank,0.09505535506122015,0.2254901376699158
32,6,Jason Mraz,Daniella Karagach,39.0,0.12111801242236025,3,9,12,False,rank,0.07085007851408898,0.19196809093644923
32,6,Lele Pons,Brandon Armstrong,37.0,0.11490683229813664,5,6,11,False,rank,0.0867732702978219,0.20168010259595853
32,6,Harry Jowsey,Rylee Arnold,29.0,0.09006211180124224,9,2,11,False,rank,0.15029571289473487,0.2403578246959771
32,6,Mauricio Umansky,Emma Slater,33.0,0.10248447204968944,6,4,10,True,rank,0.10627511777113348,0.20875958982082293
32,6,Charity Lawson,Artem Chigvintsev,38.0,0.11801242236024845,4,8,12,False,rank,0.07514785644736743,0.19316027880761588
32,6,Ariana Madix,Pasha Pashkov,41.0,0.12732919254658384,2,7,9,False,rank,0.08033643776472003,0.20766563031130386
32,7,Barry Williams,Peta Murgatroyd,32.5,0.11524822695035461,7,3,10,False,rank,0.13207334238418378,0.2473215693345384
32,7,Alyson Hannigan,Sasha Farber,35.0,0.12411347517730496,6,1,7,False,rank,0.2287577393348463,0.35287121451215125
32,7,Xochitl Gomez,Valentin Chmerkovskiy,37.0,0.13120567375886524,1,5,6,False,rank,0.10230357110637876,0.233509244865244
32,7,Jason Mraz,Daniella Karagach,36.0,0.1276595744680851,4,4,8,False,rank,0.11437886966742315,0.24203844413550824
32,7,Lele Pons,Brandon Armstrong,36.5,0.12943262411347517,3,8,11,True,rank,0.0808780743662872,0.21031069847976236
32,7,Harry Jowsey,Rylee Arnold,32.0,0.11347517730496454,8,2,10,False,rank,0.1617561487325744,0.27523132603753897
32,7,Charity Lawson,Artem Chigvintsev,36.0,0.1276595744680851,4,6,10,False,rank,0.093389956013829,0.2210495304819141
32,7,Ariana Madix,Pasha Pashkov,37.0,0.13120567375886524,1,7,8,False,rank,0.08646229839447735,0.2176679721533426
32,8,Barry Williams,Peta Murgatroyd,35.0,0.1383399209486166,5,4,9,True,rank,0.12444363090191939,0.262783551850536
32,8,Alyson Hannigan,Sasha Farber,36.0,0.1422924901185771,4,1,5,False,rank,0.24888726180383877,0.39117975192241583
32,8,Xochitl Gomez,Valentin Chmerkovskiy,40.0,0.15810276679841898,2,5,7,False,rank,0.11130576722543409,0.26940853402385306
32,8,Jason Mraz,Daniella Karagach,33.0,0.13043478260869565,6,3,9,False,rank,0.1436951276003152,0.27412991020901084
32,8,Harry Jowsey,Rylee Arnold,28.0,0.11067193675889328,7,2,9,False,rank,0.17598987057244597,0.2866618073313393
32,8,Charity Lawson,Artem Chigvintsev,39.0,0.1541501976284585,3,6,9,False,rank,0.10160779914964911,0.2557579967781076
32,8,Ariana Madix,Pasha Pashkov,42.0,0.16600790513833993,1,7,8,False,rank,0.09407054274639748,0.26007844788473744
32,9,Alyson Hannigan,Sasha Farber,32.0,0.14479638009049775,5,1,6,False,rank,0.2747313930583076,0.4195277731488054
32,9,Xochitl Gomez,Valentin Chmerkovskiy,41.0,0.18552036199095023,2,5,7,False,rank,0.12286361408631793,0.3083839760772682
32,9,Jason Mraz,Daniella Karagach,43.0,0.19457013574660634,1,3,4,False,rank,0.15861624373705482,0.35318637948366116
32,9,Harry Jowsey,Rylee Arnold,30.0,0.13574660633484162,6,6,12,True,rank,0.11215862155280971,0.24790522788765135
32,9,Charity Lawson,Artem Chigvintsev,38.0,0.17194570135746606,3,2,5,False,rank,0.1942644310363561,0.36621013239382216
32,9,Ariana Madix,Pasha Pashkov,37.0,0.167420814479638,4,4,8,False,rank,0.1373656965291538,0.30478651100879184
32,10,Alyson Hannigan,Sasha Farber,25.5,0.17894736842105263,5,1,6,False,rank,0.30943747354826506,0.4883848419693177
32,10,Xochitl Gomez,Valentin Chmerkovskiy,30.0,0.21052631578947367,1,5,6,False,rank,0.13838464512794274,0.3489109609174164
32,10,Jason Mraz,Daniella Karagach,28.5,0.2,4,3,7,False,rank,0.17865380865044855,0.37865380865044856
32,10,Charity Lawson,Artem Chigvintsev,29.5,0.20701754385964913,2,2,4,False,rank,0.21880533589921114,0.42582287975886024
32,10,Ariana Madix,Pasha Pashkov,29.0,0.20350877192982456,3,4,7,False,rank,0.15471873677413253,0.3582275087039571
32,11,Alyson Hannigan,Sasha Farber,26.5,0.18213058419243985,5,1,6,False,rank,0.30943747354826506,0.4915680577407049
32,11,Xochitl Gomez,Valentin Chmerkovskiy,30.0,0.20618556701030927,1,5,6,False,rank,0.13838464512794274,0.344570212138252
32,11,Jason Mraz,Daniella Karagach,30.0,0.20618556701030927,1,3,4,False,rank,0.17865380865044855,0.3848393756607578
32,11,Charity Lawson,Artem Chigvintsev,29.5,0.2027491408934708,3,2,5,False,rank,0.21880533589921114,0.42155447679268193
32,11,Ariana Madix,Pasha Pashkov,29.5,0.2027491408934708,3,4,7,False,rank,0.15471873677413253,0.35746787766760335
33,1,Tori Spelling,Pasha Pashkov,17.0,0.06882591093117409,11,1,12,False,rank,0.1698215411623358,0.2386474520935099
33,1,Eric Roberts,Britt Stewart,15.0,0.06072874493927125,13,2,15,False,rank,0.12008196334743804,0.18081070828670928
33,1,Reginald VelJohnson,Emma Slater,16.0,0.06477732793522267,12,3,15,False,rank,0.0980465125042717,0.16282384043949438
33,1,Chandler Kinney,Brandon Armstrong,23.0,0.0931174089068826,1,4,5,False,rank,0.0849107705811679,0.1780281794880505
33,1,Dwight Howard,Daniella Karagach,22.0,0.08906882591093117,2,5,7,False,rank,0.07594650201655229,0.16501532792748347
33,1,Danny Amendola,Witney Carson,20.0,0.08097165991902834,5,6,11,False,rank,0.06932935386346215,0.1503010137824905
33,1,Stephen Nedoroscik,Rylee Arnold,21.0,0.08502024291497975,3,7,10,False,rank,0.06418650931103703,0.1492067522260168
33,1,Ilona Maher,Alan Bersten,18.0,0.0728744939271255,8,8,16,False,rank,0.06004098167371902,0.13291547560084452
33,1,Anna Delvey,Ezra Sosa,18.0,0.0728744939271255,8,9,17,False,rank,0.05660718038744526,0.12948167431457075
33,1,Brooks Nader,Gleb Savchenko,18.0,0.0728744939271255,8,10,18,False,rank,0.053702286583301936,0.12657678051042742
33,1,Phaedra Parks,Val Chmerkovskiy,19.0,0.07692307692307693,6,11,17,False,rank,0.051203121214123896,0.12812619813720083
33,1,Jenn Tran,Sasha Farber,19.0,0.07692307692307693,6,12,18,False,rank,0.04902325625213585,0.12594633317521278
33,1,Joey Graziadei,Jenna Johnson,21.0,0.08502024291497975,3,13,16,False,rank,0.047100021103009246,0.132120264017989
33,2,Tori Spelling,Pasha Pashkov,19.0,0.07364341085271318,9,12,21,True,rank,0.04902325625213585,0.12266666710484903
33,2,Eric Roberts,Britt Stewart,15.0,0.05813953488372093,12,2,14,False,rank,0.12008196334743804,0.17822149823115896
33,2,Reginald VelJohnson,Emma Slater,15.0,0.05813953488372093,12,3,15,False,rank,0.0980465125042717,0.15618604738799263
33,2,Chandler Kinney,Brandon Armstrong,24.0,0.09302325581395349,1,4,5,False,rank,0.0849107705811679,0.1779340263951214
33,2,Dwight Howard,Daniella Karagach,22.0,0.08527131782945736,2,5,7,False,rank,0.07594650201655229,0.16121781984600964
33,2,Danny Amendola,Witney Carson,21.0,0.08139534883720931,5,6,11,False,rank,0.06932935386346215,0.15072470270067145
33,2,Stephen Nedoroscik,Rylee Arnold,22.0,0.08527131782945736,2,7,9,False,rank,0.06418650931103703,0.14945782714049438
33,2,Ilona Maher,Alan Bersten,21.0,0.08139534883720931,5,8,13,False,rank,0.06004098167371902,0.14143633051092833
33,2,Anna Delvey,Ezra Sosa,17.0,0.06589147286821706,11,9,20,True,rank,0.05660718038744526,0.12249865325566232
33,2,Brooks Nader,Gleb Savchenko,20.0,0.07751937984496124,8,10,18,False,rank,0.053702286583301936,0.13122166642826316
33,2,Phaedra Parks,Val Chmerkovskiy,21.0,0.08139534883720931,5,11,16,False,rank,0.051203121214123896,0.1325984700513332
33,2,Jenn Tran,Sasha Farber,19.0,0.07364341085271318,9,1,10,False,rank,0.1698215411623358,0.24346495201504897
33,2,Joey Graziadei,Jenna Johnson,22.0,0.08527131782945736,2,13,15,False,rank,0.047100021103009246,0.1323713389324666
33,3,Eric Roberts,Britt Stewart,23.0,0.07232704402515723,10,11,21,True,rank,0.056648345876523114,0.12897538990168034
33,3,Reginald VelJohnson,Emma Slater,21.0,0.0660377358490566,11,3,14,True,rank,0.10847332390348043,0.17451105975253703
33,3,Chandler Kinney,Brandon Armstrong,34.5,0.10849056603773585,2,4,6,False,rank,0.09394065413335183,0.20243122017108767
33,3,Dwight Howard,Daniella Karagach,26.0,0.08176100628930817,9,5,14,False,rank,0.0840230753971885,0.16578408168649666
33,3,Danny Amendola,Witney Carson,30.0,0.09433962264150944,6,6,12,False,rank,0.07670222290999583,0.17104184555150526
33,3,Stephen Nedoroscik,Rylee Arnold,31.0,0.09748427672955975,3,7,10,False,rank,0.0710124596673088,0.16849673639686857
33,3,Ilona Maher,Alan Bersten,28.0,0.0880503144654088,7,8,15,False,rank,0.06642607356679314,0.15447638803220193
33,3,Brooks Nader,Gleb Savchenko,30.5,0.0959119496855346,5,10,15,False,rank,0.059413286389500566,0.15532523607503518
33,3,Phaedra Parks,Val Chmerkovskiy,28.0,0.0880503144654088,7,2,9,False,rank,0.13285214713358628,0.22090246159899507
33,3,Jenn Tran,Sasha Farber,31.0,0.09748427672955975,3,1,4,False,rank,0.18788130826670366,0.2853655849962634
33,3,Joey Graziadei,Jenna Johnson,35.0,0.11006289308176101,1,9,10,False,rank,0.06262710275556788,0.17268999583732889
33,4,Chandler Kinney,Brandon Armstrong,32.0,0.10884353741496598,4,4,8,False,rank,0.10627511777113348,0.21511865518609946
33,4,Dwight Howard,Daniella Karagach,29.0,0.09863945578231292,9,3,12,False,rank,0.1227159357066462,0.2213553914889591
33,4,Danny Amendola,Witney Carson,36.0,0.12244897959183673,1,6,7,False,rank,0.0867732702978219,0.20922224988965865
33,4,Stephen Nedoroscik,Rylee Arnold,33.0,0.11224489795918367,3,7,10,False,rank,0.08033643776472003,0.1925813357239037
33,4,Ilona Maher,Alan Bersten,32.0,0.10884353741496598,4,8,12,False,rank,0.07514785644736743,0.18399139386233343
33,4,Brooks Nader,Gleb Savchenko,32.0,0.10884353741496598,4,5,9,True,rank,0.09505535506122015,0.20389889247618614
33,4,Phaedra Parks,Val Chmerkovskiy,32.0,0.10884353741496598,4,2,6,False,rank,0.15029571289473487,0.25913925030970086
33,4,Jenn Tran,Sasha Farber,32.0,0.10884353741496598,4,1,5,False,rank,0.21255023554226696,0.3213937729572329
33,4,Joey Graziadei,Jenna Johnson,36.0,0.12244897959183673,1,9,10,False,rank,0.07085007851408898,0.1932990581059257
33,5,Chandler Kinney,Brandon Armstrong,27.0,0.13366336633663367,1,4,5,False,rank,0.11437886966742315,0.24804223600405684
33,5,Dwight Howard,Daniella Karagach,24.0,0.1188118811881188,6,3,9,False,rank,0.13207334238418378,0.2508852235723026
33,5,Danny Amendola,Witney Carson,25.5,0.12623762376237624,4,6,10,False,rank,0.093389956013829,0.21962757977620523
33,5,Stephen Nedoroscik,Rylee Arnold,24.0,0.1188118811881188,6,2,8,False,rank,0.1617561487325744,0.2805680299206932
33,5,Ilona Maher,Alan Bersten,26.0,0.12871287128712872,2,8,10,False,rank,0.0808780743662872,0.2095909456534159
33,5,Phaedra Parks,Val Chmerkovskiy,24.0,0.1188118811881188,6,7,13,True,rank,0.08646229839447735,0.20527417958259614
33,5,Jenn Tran,Sasha Farber,25.5,0.12623762376237624,4,1,5,False,rank,0.2287577393348463,0.35499536309722257
33,5,Joey Graziadei,Jenna Johnson,26.0,0.12871287128712872,2,5,7,False,rank,0.10230357110637876,0.2310164423935075
33,6,Chandler Kinney,Brandon Armstrong,32.0,0.1553398058252427,1,4,5,False,rank,0.12444363090191939,0.2797834367271621
33,6,Dwight Howard,Daniella Karagach,31.0,0.15048543689320387,3,3,6,False,rank,0.1436951276003152,0.29418056449351904
33,6,Danny Amendola,Witney Carson,28.0,0.13592233009708737,5,6,11,False,rank,0.10160779914964911,0.2375301292467365
33,6,Stephen Nedoroscik,Rylee Arnold,28.0,0.13592233009708737,5,2,7,False,rank,0.17598987057244597,0.31191220066953335
33,6,Ilona Maher,Alan Bersten,24.0,0.11650485436893204,7,1,8,False,rank,0.24888726180383877,0.3653921161727708
33,6,Jenn Tran,Sasha Farber,31.0,0.15048543689320387,3,7,10,True,rank,0.09407054274639748,0.24455597963960135
33,6,Joey Graziadei,Jenna Johnson,32.0,0.1553398058252427,1,5,6,False,rank,0.11130576722543409,0.2666455730506768
33,7,Chandler Kinney,Brandon Armstrong,30.0,0.1875,1,4,5,False,rank,0.1373656965291538,0.3248656965291538
33,7,Dwight Howard,Daniella Karagach,24.0,0.15,6,6,12,True,rank,0.11215862155280971,0.2621586215528097
33,7,Danny Amendola,Witney Carson,25.5,0.159375,5,3,8,False,rank,0.15861624373705482,0.3179912437370548
33,7,Stephen Nedoroscik,Rylee Arnold,27.0,0.16875,3,2,5,False,rank,0.1942644310363561,0.3630144310363561
33,7,Ilona Maher,Alan Bersten,26.0,0.1625,4,1,5,False,rank,0.2747313930583076,0.4372313930583076
33,7,Joey Graziadei,Jenna Johnson,27.5,0.171875,2,5,7,False,rank,0.12286361408631793,0.29473861408631796
33,8,Chandler Kinney,Brandon Armstrong,29.0,0.20714285714285716,1,4,5,False,rank,0.15471873677413253,0.3618615939169897
33,8,Danny Amendola,Witney Carson,27.0,0.19285714285714287,4,3,7,False,rank,0.17865380865044855,0.3715109515075914
33,8,Stephen Nedoroscik,Rylee Arnold,26.5,0.18928571428571428,5,2,7,False,rank,0.21880533589921114,0.4080910501849254
33,8,Ilona Maher,Alan Bersten,28.5,0.20357142857142857,3,1,4,False,rank,0.30943747354826506,0.5130089021196936
33,8,Joey Graziadei,Jenna Johnson,29.0,0.20714285714285716,1,5,6,False,rank,0.13838464512794274,0.34552750227079987
33,9,Chandler Kinney,Brandon Armstrong,30.0,0.20618556701030927,1,4,5,False,rank,0.15471873677413253,0.3609043037844418
33,9,Danny Amendola,Witney Carson,28.0,0.19243986254295534,5,3,8,False,rank,0.17865380865044855,0.37109367119340386
33,9,Stephen Nedoroscik,Rylee Arnold,29.5,0.2027491408934708,2,2,4,False,rank,0.21880533589921114,0.42155447679268193
33,9,Ilona Maher,Alan Bersten,28.5,0.1958762886597938,4,1,5,False,rank,0.30943747354826506,0.5053137622080589
33,9,Joey Graziadei,Jenna Johnson,29.5,0.2027491408934708,2,5,7,False,rank,0.13838464512794274,0.34113378602141353
34,1,Corey Feldman,Jenna Johnson,9.0,0.054878048780487805,13,1,14,False,rank,0.16244853561275283,0.21732658439324062
34,1,Danielle Fishel,Pasha Pashkov,12.0,0.07317073170731707,6,2,8,False,rank,0.11486846112560188,0.18803919283291895
34,1,Elaine Hendrix,Alan Bersten (Rashad Jennings week 9),12.0,0.07317073170731707,6,3,9,False,rank,0.09378970576548337,0.16696043747280043
34,1,Baron Davis,Britt Stewart,10.0,0.06097560975609756,9,4,13,False,rank,0.08122426780637641,0.142199877562474
34,1,Jordan Chiles,Ezra Sosa (Apolo Anton Ohno week 9),10.0,0.06097560975609756,9,5,14,False,rank,0.07264919369508216,0.13362480345117972
34,1,Andy Richter,Emma Slater/Kaitlyn Bristowe (week 9),9.0,0.054878048780487805,13,6,19,False,rank,0.06631933695226433,0.12119738573275213
34,1,Robert Irwin,Witney Carson (Xoshitl Gomez week 9),15.0,0.09146341463414634,1,7,8,False,rank,0.06139977515399481,0.15286318978814115
34,1,Hilaria Baldwin,Gleb Savchenko,14.0,0.08536585365853659,3,8,11,False,rank,0.05743423056280094,0.14280008422133753
34,1,Lauren Jauregui,Brandon Armstrong,13.0,0.07926829268292683,4,9,13,False,rank,0.05414951187091761,0.13341780455384444
34,1,Scott Hoying,Rylee Arnold,10.0,0.06097560975609756,9,10,19,False,rank,0.05137073750952757,0.11234634726562513
34,1,Alix Earle,Val Chmerkovskiy (Joey Graziadei week 9),13.0,0.07926829268292683,4,11,15,False,rank,0.04898007639728983,0.12824836908021667
34,1,Jen Affleck,Jan Ravnik,12.0,0.07317073170731707,6,12,18,False,rank,0.046894852882741686,0.12006558459005875
34,1,Whitney Leavitt,Mark Ballas,15.0,0.09146341463414634,1,13,14,False,rank,0.04505511729044756,0.1365185319245939
34,1,Dylan Efron,Daniella Karagach (Rumer Willis week 9),10.0,0.06097560975609756,9,14,23,False,rank,0.04341619737471902,0.10439180713081658
34,2,Corey Feldman,Jenna Johnson,15.0,0.0539568345323741,14,14,28,True,rank,0.04341619737471902,0.09737303190709312
34,2,Danielle Fishel,Pasha Pashkov,19.0,0.0683453237410072,10,2,12,False,rank,0.11486846112560188,0.18321378486660908
34,2,Elaine Hendrix,Alan Bersten (Rashad Jennings week 9),21.0,0.07553956834532374,5,3,8,False,rank,0.09378970576548337,0.16932927411080712
34,2,Baron Davis,Britt Stewart,18.0,0.06474820143884892,11,4,15,True,rank,0.08122426780637641,0.14597246924522533
34,2,Jordan Chiles,Ezra Sosa (Apolo Anton Ohno week 9),22.0,0.07913669064748201,1,5,6,False,rank,0.07264919369508216,0.15178588434256418
34,2,Andy Richter,Emma Slater/Kaitlyn Bristowe (week 9),16.0,0.05755395683453238,13,6,19,False,rank,0.06631933695226433,0.1238732937867967
34,2,Robert Irwin,Witney Carson (Xoshitl Gomez week 9),22.0,0.07913669064748201,1,7,8,False,rank,0.06139977515399481,0.14053646580147683
34,2,Hilaria Baldwin,Gleb Savchenko,21.0,0.07553956834532374,5,8,13,False,rank,0.05743423056280094,0.1329737989081247
34,2,Lauren Jauregui,Brandon Armstrong,21.0,0.07553956834532374,5,9,14,False,rank,0.05414951187091761,0.12968908021624137
34,2,Scott Hoying,Rylee Arnold,18.0,0.06474820143884892,11,10,21,False,rank,0.05137073750952757,0.1161189389483765
34,2,Alix Earle,Val Chmerkovskiy (Joey Graziadei week 9),21.0,0.07553956834532374,5,11,16,False,rank,0.04898007639728983,0.12451964474261357
34,2,Jen Affleck,Jan Ravnik,22.0,0.07913669064748201,1,12,13,False,rank,0.046894852882741686,0.1260315435302237
34,2,Whitney Leavitt,Mark Ballas,22.0,0.07913669064748201,1,13,14,False,rank,0.04505511729044756,0.12419180793792957
34,2,Dylan Efron,Daniella Karagach (Rumer Willis week 9),20.0,0.07194244604316546,9,1,10,False,rank,0.16244853561275283,0.2343909816559183
34,3,Danielle Fishel,Pasha Pashkov,21.0,0.08171206225680934,8,2,10,False,rank,0.1260173848323896,0.20772944708919894
34,3,Elaine Hendrix,Alan Bersten (Rashad Jennings week 9),21.0,0.08171206225680934,8,3,11,False,rank,0.10289276385309963,0.18460482610990897
34,3,Jordan Chiles,Ezra Sosa (Apolo Anton Ohno week 9),24.0,0.0933852140077821,1,5,6,False,rank,0.07970039216966146,0.17308560617744356
34,3,Andy Richter,Emma Slater/Kaitlyn Bristowe (week 9),18.0,0.07003891050583658,11,6,17,False,rank,0.07275617105555282,0.1427950815613894
34,3,Robert Irwin,Witney Carson (Xoshitl Gomez week 9),22.0,0.08560311284046693,5,7,12,False,rank,0.06735912554572072,0.15296223838618767
34,3,Hilaria Baldwin,Gleb Savchenko,22.0,0.08560311284046693,5,8,13,False,rank,0.0630086924161948,0.14861180525666173
34,3,Lauren Jauregui,Brandon Armstrong,18.0,0.07003891050583658,11,12,23,True,rank,0.051446381926549815,0.1214852924323864
34,3,Scott Hoying,Rylee Arnold,22.0,0.08560311284046693,5,10,15,False,rank,0.05635668776639483,0.14195980060686175
34,3,Alix Earle,Val Chmerkovskiy (Joey Graziadei week 9),23.0,0.08949416342412451,3,11,14,False,rank,0.05373399343905221,0.14322815686317672
34,3,Jen Affleck,Jan Ravnik,19.0,0.07392996108949416,10,9,19,False,rank,0.05940516490825165,0.13333512599774583
34,3,Whitney Leavitt,Mark Ballas,24.0,0.0933852140077821,1,4,5,False,rank,0.08910774736237749,0.18249296137015958
34,3,Dylan Efron,Daniella Karagach (Rumer Willis week 9),23.0,0.08949416342412451,3,1,4,False,rank,0.17821549472475498,0.2677096581488795
34,4,Danielle Fishel,Pasha Pashkov,21.0,0.0846774193548387,9,2,11,False,rank,0.13285214713358628,0.21752956648842497
34,4,Elaine Hendrix,Alan Bersten (Rashad Jennings week 9),24.0,0.0967741935483871,2,3,5,False,rank,0.10847332390348043,0.20524751745186753
34,4,Jordan Chiles,Ezra Sosa (Apolo Anton Ohno week 9),24.0,0.0967741935483871,2,5,7,False,rank,0.0840230753971885,0.1807972689455756
34,4,Andy Richter,Emma Slater/Kaitlyn Bristowe (week 9),18.0,0.07258064516129033,11,6,17,False,rank,0.07670222290999583,0.14928286807128616
34,4,Robert Irwin,Witney Carson (Xoshitl Gomez week 9),22.0,0.08870967741935484,8,7,15,False,rank,0.0710124596673088,0.15972213708666366
34,4,Hilaria Baldwin,Gleb Savchenko,23.0,0.09274193548387097,5,10,15,True,rank,0.059413286389500566,0.15215522187337155
34,4,Scott Hoying,Rylee Arnold,21.0,0.0846774193548387,9,8,17,False,rank,0.06642607356679314,0.15110349292163183
34,4,Alix Earle,Val Chmerkovskiy (Joey Graziadei week 9),24.0,0.0967741935483871,2,11,13,False,rank,0.056648345876523114,0.15342253942491021
34,4,Jen Affleck,Jan Ravnik,23.0,0.09274193548387097,5,9,14,False,rank,0.06262710275556788,0.15536903823943884
34,4,Whitney Leavitt,Mark Ballas,25.0,0.10080645161290322,1,4,5,False,rank,0.09394065413335183,0.19474710574625503
34,4,Dylan Efron,Daniella Karagach (Rumer Willis week 9),23.0,0.09274193548387097,5,1,6,False,rank,0.18788130826670366,0.2806232437505746
34,5,Danielle Fishel,Pasha Pashkov,29.0,0.0926517571884984,8,2,10,False,rank,0.14082992970105826,0.23348168688955667
34,5,Elaine Hendrix,Alan Bersten (Rashad Jennings week 9),30.0,0.09584664536741214,6,3,9,False,rank,0.11498715609320612,0.21083380146061825
34,5,Jordan Chiles,Ezra Sosa (Apolo Anton Ohno week 9),32.0,0.10223642172523961,5,5,10,False,rank,0.08906866811534798,0.19130508984058758
34,5,Andy Richter,Emma Slater/Kaitlyn Bristowe (week 9),24.0,0.07667731629392971,10,6,16,False,rank,0.08130819782286208,0.1579855141167918
34,5,Robert Irwin,Witney Carson (Xoshitl Gomez week 9),35.0,0.11182108626198083,2,7,9,False,rank,0.07527676382068851,0.18709785008266933
34,5,Scott Hoying,Rylee Arnold,30.0,0.09584664536741214,6,8,14,False,rank,0.07041496485052913,0.16626161021794128
34,5,Alix Earle,Val Chmerkovskiy (Joey Graziadei week 9),35.0,0.11182108626198083,2,10,12,False,rank,0.06298105921561659,0.17480214547759743
34,5,Jen Affleck,Jan Ravnik,29.0,0.0926517571884984,8,9,17,False,rank,0.06638786552376205,0.15903962271226046
34,5,Whitney Leavitt,Mark Ballas,33.0,0.10543130990415335,4,4,8,False,rank,0.09958179828564309,0.20501310818979646
34,5,Dylan Efron,Daniella Karagach (Rumer Willis week 9),36.0,0.11501597444089456,1,1,2,False,rank,0.19916359657128618,0.31417957101218075
34,6,Danielle Fishel,Pasha Pashkov,36.0,0.10588235294117647,3,2,5,False,rank,0.14082992970105826,0.24671228264223471
34,6,Elaine Hendrix,Alan Bersten (Rashad Jennings week 9),36.0,0.10588235294117647,3,3,6,False,rank,0.11498715609320612,0.22086950903438257
34,6,Jordan Chiles,Ezra Sosa (Apolo Anton Ohno week 9),39.0,0.11470588235294117,1,5,6,False,rank,0.08906866811534798,0.20377455046828916
34,6,Andy Richter,Emma Slater/Kaitlyn Bristowe (week 9),27.0,0.07941176470588235,10,6,16,False,rank,0.08130819782286208,0.16071996252874443
34,6,Robert Irwin,Witney Carson (Xoshitl Gomez week 9),36.0,0.10588235294117647,3,7,10,False,rank,0.07527676382068851,0.18115911676186497
34,6,Scott Hoying,Rylee Arnold,28.0,0.08235294117647059,9,8,17,True,rank,0.07041496485052913,0.15276790602699972
34,6,Alix Earle,Val Chmerkovskiy (Joey Graziadei week 9),35.0,0.10294117647058823,6,10,16,False,rank,0.06298105921561659,0.16592223568620482
34,6,Jen Affleck,Jan Ravnik,32.0,0.09411764705882353,7,9,16,False,rank,0.06638786552376205,0.16050551258258558
34,6,Whitney Leavitt,Mark Ballas,39.0,0.11470588235294117,1,4,5,False,rank,0.09958179828564309,0.21428768063858428
34,6,Dylan Efron,Daniella Karagach (Rumer Willis week 9),32.0,0.09411764705882353,7,1,8,False,rank,0.19916359657128618,0.2932812436301097
34,7,Danielle Fishel,Pasha Pashkov,35.0,0.10542168674698796,6,2,8,False,rank,0.15029571289473487,0.2557173996417228
34,7,Elaine Hendrix,Alan Bersten (Rashad Jennings week 9),32.0,0.0963855421686747,8,3,11,False,rank,0.1227159357066462,0.21910147787532092
34,7,Jordan Chiles,Ezra Sosa (Apolo Anton Ohno week 9),38.0,0.1144578313253012,4,5,9,False,rank,0.09505535506122015,0.20951318638652133
34,7,Andy Richter,Emma Slater/Kaitlyn Bristowe (week 9),29.0,0.08734939759036145,9,6,15,False,rank,0.0867732702978219,0.17412266788818337
34,7,Robert Irwin,Witney Carson (Xoshitl Gomez week 9),41.0,0.12349397590361445,3,7,10,False,rank,0.08033643776472003,0.2038304136683345
34,7,Alix Earle,Val Chmerkovskiy (Joey Graziadei week 9),43.0,0.12951807228915663,1,8,9,False,rank,0.07514785644736743,0.20466592873652406
34,7,Jen Affleck,Jan Ravnik,34.0,0.10240963855421686,7,9,16,True,rank,0.07085007851408898,0.17325971706830584
34,7,Whitney Leavitt,Mark Ballas,42.0,0.12650602409638553,2,4,6,False,rank,0.10627511777113348,0.23278114186751903
34,7,Dylan Efron,Daniella Karagach (Rumer Willis week 9),38.0,0.1144578313253012,4,1,5,False,rank,0.21255023554226696,0.32700806686756817
34,8,Danielle Fishel,Pasha Pashkov,37.0,0.12271973466003316,7,6,13,True,rank,0.093389956013829,0.21610969067386215
34,8,Elaine Hendrix,Alan Bersten (Rashad Jennings week 9),37.5,0.12437810945273632,6,3,9,False,rank,0.13207334238418378,0.2564514518369201
34,8,Jordan Chiles,Ezra Sosa (Apolo Anton Ohno week 9),39.0,0.12935323383084577,2,5,7,False,rank,0.10230357110637876,0.23165680493722451
34,8,Andy Richter,Emma Slater/Kaitlyn Bristowe (week 9),34.0,0.11276948590381426,8,2,10,False,rank,0.1617561487325744,0.2745256346363887
34,8,Robert Irwin,Witney Carson (Xoshitl Gomez week 9),38.0,0.12603648424543948,4,7,11,False,rank,0.08646229839447735,0.21249878263991684
34,8,Alix Earle,Val Chmerkovskiy (Joey Graziadei week 9),38.5,0.12769485903814262,3,8,11,False,rank,0.0808780743662872,0.20857293340442984
34,8,Whitney Leavitt,Mark Ballas,39.5,0.1310116086235489,1,4,5,False,rank,0.11437886966742315,0.24539047829097205
34,8,Dylan Efron,Daniella Karagach (Rumer Willis week 9),38.0,0.12603648424543948,4,1,5,False,rank,0.2287577393348463,0.3547942235802858
34,9,Elaine Hendrix,Alan Bersten (Rashad Jennings week 9),36.0,0.13333333333333333,6,3,9,False,rank,0.1436951276003152,0.2770284609336485
34,9,Jordan Chiles,Ezra Sosa (Apolo Anton Ohno week 9),39.0,0.14444444444444443,5,2,7,False,rank,0.17598987057244597,0.3204343150168904
34,9,Andy Richter,Emma Slater/Kaitlyn Bristowe (week 9),29.0,0.10740740740740741,7,5,12,True,rank,0.11130576722543409,0.2187131746328415
34,9,Robert Irwin,Witney Carson (Xoshitl Gomez week 9),42.0,0.15555555555555556,1,7,8,False,rank,0.09407054274639748,0.24962609830195304
34,9,Alix Earle,Val Chmerkovskiy (Joey Graziadei week 9),40.0,0.14814814814814814,4,6,10,False,rank,0.10160779914964911,0.24975594729779726
34,9,Whitney Leavitt,Mark Ballas,42.0,0.15555555555555556,1,4,5,False,rank,0.12444363090191939,0.27999918645747496
34,9,Dylan Efron,Daniella Karagach (Rumer Willis week 9),42.0,0.15555555555555556,1,1,2,False,rank,0.24888726180383877,0.40444281735939436
34,10,Elaine Hendrix,Alan Bersten (Rashad Jennings week 9),28.5,0.16569767441860464,4,3,7,False,rank,0.15861624373705482,0.32431391815565946
34,10,Jordan Chiles,Ezra Sosa (Apolo Anton Ohno week 9),28.5,0.16569767441860464,4,2,6,False,rank,0.1942644310363561,0.35996210545496077
34,10,Robert Irwin,Witney Carson (Xoshitl Gomez week 9),29.5,0.17151162790697674,1,5,6,False,rank,0.12286361408631793,0.2943752419932947
34,10,Alix Earle,Val Chmerkovskiy (Joey Graziadei week 9),29.0,0.1686046511627907,2,4,6,False,rank,0.1373656965291538,0.30597034769194453
34,10,Whitney Leavitt,Mark Ballas,29.0,0.1686046511627907,2,6,8,True,rank,0.11215862155280971,0.2807632727156004
34,10,Dylan Efron,Daniella Karagach (Rumer Willis week 9),27.5,0.15988372093023256,6,1,7,False,rank,0.2747313930583076,0.4346151139885402
34,11,Elaine Hendrix,Alan Bersten (Rashad Jennings week 9),28.9998,0.19638752808699622,5,3,8,False,rank,0.17865380865044855,0.3750413367374448
34,11,Jordan Chiles,Ezra Sosa (Apolo Anton Ohno week 9),29.666600000000003,0.20090311797825097,2,2,4,False,rank,0.21880533589921114,0.41970845387746214
34,11,Robert Irwin,Witney Carson (Xoshitl Gomez week 9),29.666600000000003,0.20090311797825097,2,5,7,False,rank,0.13838464512794274,0.3392877631061937
34,11,Alix Earle,Val Chmerkovskiy (Joey Graziadei week 9),30.0,0.2031609129238783,1,4,5,False,rank,0.15471873677413253,0.35787964969801084
34,11,Dylan Efron,Daniella Karagach (Rumer Willis week 9),29.3332,0.19864532303262358,4,1,5,False,rank,0.30943747354826506,0.5080827965808886
