season,celebrity_name,weeks_participated,avg_judge_rank,avg_fan_vote,expected_fan_vote,deviation,weeks_below_median,final_placement,ballroom_partner,industry,deviation_index,cluster,cluster_label
1,Evander Holyfield,3,5.0,0.16529543204151936,0.049999999999999996,0.11529543204151937,3,5,Edyta Sliwinska,Athlete,1.1403454045515278,2,Fan-type
1,Joey McIntyre,5,2.8,0.1632819698050624,0.10500000000000001,0.058281969805062395,2,3,Ashly DelGrosso,Singer/Rapper,0.5764458769839219,2,Fan-type
1,John O'Hurley,6,1.6666666666666667,0.3735939858594883,0.13333333333333333,0.24026065252615494,2,2,Charlotte Jorgensen,Actor/Actress,2.3763311880742024,2,Fan-type
1,Kelly Monaco,6,3.1666666666666665,0.2641708408117553,0.09583333333333334,0.16833750747842197,3,1,Alec Mazo,Actor/Actress,1.6649653821284838,2,Fan-type
1,Rachel Hunter,4,1.5,0.15919941292926212,0.13749999999999998,0.02169941292926214,0,4,Jonathan Roberts,Model,0.21462104245759847,0,Judge-type
1,Trista Sutter,2,4.0,0.1121586215528097,0.075,0.037158621552809704,2,6,Louis van Amstel,TV Personality,0.3675224818270042,0,Judge-type
2,Drew Lachey,8,1.25,0.1517706324414152,0.14625,0.0055206324414152075,0,1,Cheryl Burke,Singer/Rapper,0.05460257811878313,0,Judge-type
2,George Hamilton,6,5.333333333333333,0.14179026902864242,0.08499999999999999,0.056790269028642426,5,5,Edyta Sliwinska,Actor/Actress,0.5616920043001898,0,Judge-type
2,Giselle Fernandez,3,3.3333333333333335,0.08300105253307917,0.11499999999999999,-0.03199894746692082,1,8,Jonathan Roberts,News Anchor,-0.3164900122083626,0,Judge-type
2,Jerry Rice,8,4.625,0.23555963909883965,0.09562499999999999,0.13993463909883966,6,2,Anna Trebunskaya,Athlete,1.384042887115196,2,Fan-type
2,Kenny Mayne,1,9.0,0.0629810592156165,0.03,0.032981059215616504,1,10,Andrea Hale,Sports Broadcaster,0.3262037241876705,1,Balanced
2,Lisa Rinna,7,4.142857142857143,0.13090458161331797,0.10285714285714286,0.028047438756175117,3,4,Louis van Amstel,Actor/Actress,0.27740706920224684,0,Judge-type
2,Master P,4,8.5,0.1514483706185099,0.0375,0.1139483706185099,4,7,Ashly DelGrosso,Singer/Rapper,1.1270221073820066,1,Balanced
2,Stacy Keibler,8,1.625,0.13988236212102031,0.140625,-0.000742637878979685,0,3,Tony Dovolani,Athlete,-0.007345162575351736,0,Judge-type
2,Tatum O'Neal,2,5.0,0.13715572650932675,0.09,0.047155726509326756,1,9,Nick Kosovich,Actor/Actress,0.4664002300094142,0,Judge-type
2,Tia Carrere,5,4.8,0.16462721858743387,0.093,0.07162721858743387,2,6,Maksim Chmerkoskiy,Actor/Actress,0.7084389043927954,2,Fan-type
3,Emmitt Smith,10,2.6,0.4840303585452328,0.12818181818181817,0.3558485403634146,1,1,Cheryl Burke,Athlete,3.5195691670911855,2,Fan-type
3,Harry Hamlin,3,6.333333333333333,0.003644047974076667,0.07727272727272727,-0.0736286792986506,2,9,Ashly DelGrosso,Actor/Actress,-0.7282346281609715,0,Judge-type
3,Jerry Springer,7,7.142857142857143,0.016047125827403603,0.06623376623376623,-0.05018664040636263,7,5,Kym Johnson,TV Personality,-0.49637790278340205,0,Judge-type
3,Joey Lawrence,9,2.7777777777777777,0.010159527432636267,0.12575757575757573,-0.11559804832493947,1,3,Edyta Sliwinska,Actor/Actress,-1.1433384727245695,0,Judge-type
3,Mario Lopez,10,2.1,0.4832844969020934,0.135,0.3482844969020934,1,2,Karina Smirnoff,Actor/Actress,3.44475594987856,2,Fan-type
3,Monique Coleman,8,3.25,0.001267109504950819,0.11931818181818181,-0.11805107231323099,3,4,Louis van Amstel,Actor/Actress,-1.1676004454911537,0,Judge-type
3,Sara Evans,5,6.8,0.01901298584180916,0.07090909090909091,-0.05189610506728175,4,6,Tony Dovolani,Singer/Rapper,-0.5132855992619612,0,Judge-type
3,Shanna Moakler,2,6.5,4.266928471793539e-19,0.075,-0.075,2,10,Jesse DeSoto,Model,-0.7417978650755703,0,Judge-type
3,Tucker Carlson,1,11.0,4.454334511373552e-19,0.013636363636363636,-0.013636363636363636,1,11,Elena Grinenko,TV Personality,-0.13487233910464916,1,Balanced
3,Vivica A. Fox,4,2.75,1.0714872261894287e-18,0.12613636363636363,-0.12613636363636363,0,8,Nick Kosovich,Actor/Actress,-1.2475691367180046,0,Judge-type
3,Willa Ford,5,3.0,0.0013903737340603402,0.12272727272727273,-0.12133689899321239,0,7,Maksim Chmerkoskiy,Singer/Rapper,-1.2000993683740677,0,Judge-type
4,Apolo Anton Ohno,10,2.2,0.3178052924154269,0.13363636363636364,0.18416892877906324,1,1,Julianne Hough,Athlete,1.8215482424208518,2,Fan-type
4,Billy Ray Cyrus,8,6.5,0.027518506628717264,0.075,-0.04748149337128273,6,5,Karina Smirnoff,Singer/Rapper,-0.4696222721788984,0,Judge-type
4,Clyde Drexler,5,9.4,0.02200080488863604,0.03545454545454545,-0.013453740565909408,5,8,Elena Grinenko,Athlete,-0.13306608038762927,1,Balanced
4,Heather Mills,6,4.166666666666667,8.090410248916932e-05,0.1068181818181818,-0.10673727771569264,3,7,Jonathan Roberts,Model,-1.0556997964463872,0,Judge-type
4,Ian Ziering,9,3.4444444444444446,0.002764307570740689,0.11666666666666667,-0.11390235909592598,2,4,Cheryl Burke,Actor/Actress,-1.1265670240590515,0,Judge-type
4,Joey Fatone,10,1.8,0.3178052927702354,0.13909090909090907,0.17871438367932632,0,2,Kym Johnson,Singer/Rapper,1.767599310288275,2,Fan-type
4,John Ratzenberger,7,6.857142857142857,0.0145443552474054,0.07012987012987014,-0.05558551488246474,6,6,Edyta Sliwinska,Actor/Actress,-0.5497762169191825,0,Judge-type
4,Laila Ali,10,2.5,0.3178052913280348,0.12954545454545455,0.18825983678258026,2,3,Maksim Chmerkoskiy,Athlete,1.862009933397245,2,Fan-type
4,Leeza Gibbons,4,6.0,7.497034182551448e-05,0.0818181818181818,-0.08174321147635628,2,9,Tony Dovolani,TV Personality,-0.8084925301010927,0,Judge-type
4,Paulina Porizkova,2,5.5,6.40833409930931e-11,0.08863636363636364,-0.0886363635722803,0,11,Alec Mazo,Model,-0.8766702035463945,0,Judge-type
4,Shandi Finnessey,3,7.0,0.0027381990162765337,0.06818181818181818,-0.06544361916554164,2,10,Brian Fortuna,Beauty Pagent,-0.6472791597308997,0,Judge-type
5,Albert Reed,2,5.0,1.2733646438458994e-05,0.09999999999999999,-0.09998726635356153,0,11,Anna Trebunskaya,Model,-0.988937876210858,0,Judge-type
5,Cameron Mathison,8,4.25,0.0035061278637517,0.10937499999999999,-0.1058688721362483,2,5,Edyta Sliwinska,Actor/Actress,-1.047110711048367,0,Judge-type
5,Floyd Mayweather Jr. ,4,8.0,0.007744133852761825,0.0625,-0.05475586614723817,3,9,Karina Smirnoff,Athlete,-0.541570461445133,1,Balanced
5,Helio Castroneves,10,2.6,0.32291757915547753,0.13,0.19291757915547753,2,1,Julianne Hough,Racing Driver,1.9080779780410744,2,Fan-type
5,Jane Seymour,7,4.285714285714286,0.011348554273268058,0.10892857142857144,-0.09758001715530339,2,6,Tony Dovolani,Actor/Actress,-0.9651286453312211,0,Judge-type
5,Jennie Garth,9,3.6666666666666665,0.0043455604796724095,0.11666666666666667,-0.11232110618699426,3,4,Derek Hough,Actor/Actress,-1.110927423632517,0,Judge-type
5,Josie Maran,1,12.0,6.3950987517699695e-19,0.012499999999999999,-0.012499999999999999,1,12,Alec Mazo,Model,-0.12363297751259505,1,Balanced
5,Marie Osmond,10,4.5,0.3229175794319988,0.10625,0.21666757943199877,5,3,Jonathan Roberts,Singer/Rapper,2.1429806380499765,2,Fan-type
5,Mark Cuban,5,8.0,0.01265080986405202,0.0625,-0.04984919013594798,4,8,Kym Johnson,TV Personality,-0.4930403042478985,1,Balanced
5,Mel B,10,2.0,0.3229175798797483,0.13749999999999998,0.1854175798797483,0,2,Maksim Chmerkoskiy,Singer/Rapper,1.8338981986970175,2,Fan-type
5,Sabrina Bryan,6,1.8333333333333333,0.00013543632048509482,0.1395833333333333,-0.1394478970128482,0,7,Mark Ballas,Actor/Actress,-1.3792286972454508,0,Judge-type
5,Wayne Newton,3,10.333333333333334,0.02360166608023857,0.033333333333333326,-0.009731667253094756,3,10,Cheryl Burke,Singer/Rapper,-0.09625239989295374,1,Balanced
6,Adam Carolla,4,8.75,0.000136207538014225,0.053125,-0.052988792461985776,4,9,Julianne Hough,Radio Personality,-0.5240929749497804,1,Balanced
6,Cristian de la Fuente,10,4.1,0.32991061818102974,0.11125,0.21866061818102972,4,3,Cheryl Burke,Actor/Actress,2.1626930632372305,2,Fan-type
6,Jason Taylor,10,2.8,0.3299106183219384,0.1275,0.2024106183219384,3,2,Edyta Sliwinska,Athlete,2.001970193864534,2,Fan-type
6,Kristi Yamaguchi,10,1.2,0.3299106192880525,0.1475,0.1824106192880525,0,1,Mark Ballas,Athlete,1.8041574393998667,2,Fan-type
6,Mario,8,3.375,3.1810770083706406e-05,0.1203125,-0.12028068922991629,2,5,Karina Smirnoff,Singer/Rapper,-1.189652779740934,0,Judge-type
6,Marissa Jaret Winokur,9,5.444444444444445,0.010952195480834835,0.09444444444444444,-0.0834922489636096,4,4,Tony Dovolani,Actor/Actress,-0.8257916270875147,0,Judge-type
6,Marlee Matlin,6,5.5,0.00016069814010056667,0.09375,-0.09358930185989943,3,7,Fabian Sanchez,Actor/Actress,-0.9256579241811534,0,Judge-type
6,Monica Seles,2,11.5,7.843464088830143e-05,0.01875,-0.018671565359111696,2,11,Jonathan Roberts,Athlete,-0.18467369761344044,1,Balanced
6,Penn Jillette,2,10.0,7.843464304539242e-05,0.0375,-0.03742156535695461,2,12,Kym Johnson,Magician,-0.37012316386099803,1,Balanced
6,Priscilla Presley,5,5.2,0.00013999421499825377,0.0975,-0.09736000578500174,2,8,Louis van Amstel,Actor/Actress,-0.9629525924674597,0,Judge-type
6,Shannon Elizabeth,7,4.428571428571429,0.0001842529864742318,0.10714285714285714,-0.1069586041563829,3,6,Derek Hough,Actor/Actress,-1.0578888561955715,0,Judge-type
6,Steve Guttenberg,3,8.333333333333334,1.4899020256650672e-05,0.05833333333333332,-0.05831843431307667,3,10,Anna Trebunskaya,Actor/Actress,-0.5768065342398688,1,Balanced
7,Brooke Burke,10,1.2,0.3259890560915556,0.1476923076923077,0.1782967483992479,0,1,Derek Hough,TV Personality,1.7634686308330427,2,Fan-type
7,Cloris Leachman,6,8.5,0.009769039916867733,0.06346153846153846,-0.05369249854467072,5,7,Corky Ballas,Actor/Actress,-0.5310530772134655,1,Balanced
7,Cody Linley,9,4.333333333333333,0.009638666412847455,0.11153846153846156,-0.1018997951256141,4,4,Julianne Hough,Actor/Actress,-1.0078540063442474,0,Judge-type
7,Jeffrey Ross,1,13.0,0.0257920958814709,0.011538461538461539,0.014253634343009362,1,13,Edyta Sliwinska,Comedian,0.14097754033616233,1,Balanced
7,Kim Kardashian,2,8.5,0.0008261322487212503,0.06346153846153846,-0.06263540621281721,2,11,Mark Ballas,TV Personality,-0.619504141424119,1,Balanced
7,Lance Bass,10,3.1,0.32598905608945555,0.12576923076923077,0.20021982532022478,2,3,Lacey Schwimmer,Singer/Rapper,1.980301852911285,2,Fan-type
7,Maurice Greene,8,5.125,0.001573253987086875,0.10240384615384615,-0.10083059216675927,4,5,Cheryl Burke,Athlete,-0.9972789067147674,0,Judge-type
7,Misty May-Treanor,2,4.5,0.0010092153098587016,0.1096153846153846,-0.1086061693055259,0,10,Maksim Chmerkoskiy,Athlete,-1.074184326998334,0,Judge-type
7,Rocco DiSpirito,4,9.5,0.0053792087198215755,0.05192307692307692,-0.046543868203255345,4,9,Karina Smirnoff,TV Personality,-0.4603485608737805,1,Balanced
7,Susan Lucci,7,4.857142857142857,0.000811530056976725,0.10549450549450548,-0.10468297543752876,4,6,Tony Dovolani,Actor/Actress,-1.0353814358575628,0,Judge-type
7,Ted McGinley,1,8.0,2.803798736438365e-18,0.06923076923076923,-0.06923076923076923,1,12,Inna Brayer,Actor/Actress,-0.6847364908389881,1,Balanced
7,Toni Braxton,5,3.8,0.0011439420453675001,0.11769230769230768,-0.11654836564694018,1,8,Alec Mazo,Singer/Rapper,-1.152737717532629,0,Judge-type
7,Warren Sapp,10,3.0,0.3259890562572765,0.12692307692307692,0.19906597933419956,1,2,Kym Johnson,Athlete,1.9688895797238246,2,Fan-type
8,Belinda Carlisle,2,9.0,5.83592304274692e-17,0.057692307692307696,-0.05769230769230764,2,13,Jonathan Roberts,Singer/Rapper,-0.5706137423658229,1,Balanced
8,Chuck Wicks,8,5.125,0.017397444628474312,0.10240384615384615,-0.08500640152537184,2,6,Julianne Hough,Singer/Rapper,-0.8407675622570339,0,Judge-type
8,David Alan Grier,5,6.8,0.0007547170286990448,0.08307692307692308,-0.08232220604822403,2,9,Kym Johnson,Actor/Actress,-0.814219155931784,0,Judge-type
8,Denise Richards,3,7.333333333333333,3.128278520180556e-17,0.07692307692307693,-0.0769230769230769,1,12,Maksim Chmerkoskiy,Actor/Actress,-0.7608183231544309,0,Judge-type
8,Gilles Marini,11,1.6363636363636365,0.30652759943008195,0.14265734265734265,0.1638702567727393,0,2,Cheryl Burke,Actor/Actress,1.6207814216453806,2,Fan-type
8,Holly Madison,4,8.5,9.190988153532301e-12,0.06346153846153846,-0.06346153845234748,3,11,Dmitry Chaplin,TV Personality,-0.627675116511501,1,Balanced
8,Lawrence Taylor,7,7.714285714285714,0.009396526373793943,0.07252747252747252,-0.06313094615367858,6,7,Edyta Sliwinska,Athlete,-0.6244053476933275,1,Balanced
8,Lil' Kim,9,3.111111111111111,0.010667954806118044,0.12564102564102564,-0.1149730708349076,2,5,Derek Hough,Singer/Rapper,-1.1371570464868905,0,Judge-type
8,Melissa Rycroft,11,2.4545454545454546,0.30652759918367467,0.1332167832167832,0.17331081596689146,3,3,Tony Dovolani,TV Personality,1.7141545770499356,2,Fan-type
8,Shawn Johnson,11,2.272727272727273,0.3065275995012853,0.1353146853146853,0.17121291418659998,0,1,Mark Ballas,Athlete,1.6934049895598227,2,Fan-type
8,Steve Wozniak,4,11.75,0.0205692949673245,0.02596153846153846,-0.005392243494213959,4,10,Karina Smirnoff,Entrepreneur,-0.05333272949300732,1,Balanced
8,Steve-O,6,10.0,0.014818787591110083,0.046153846153846156,-0.03133505856273607,6,8,Lacey Schwimmer,TV Personality,-0.3099237272514079,1,Balanced
8,Ty Murray,10,6.0,0.04086588952389039,0.09230769230769231,-0.05144180278380192,6,4,Chelsie Hightower,Athlete,-0.5087922597421707,0,Judge-type
9,Aaron Carter,8,3.5,0.0006534243220383161,0.125,-0.12434657567796169,2,5,Karina Smirnoff,Singer/Rapper,-1.229866991564931,0,Judge-type
9,Ashley Hamiliton,1,15.0,7.959669323456351e-07,0.01,-0.009999204033067654,1,16,Edyta Sliwinska,Actor/Actress,-0.09889850938912825,1,Balanced
9,Chuck Liddell,4,9.5,1.0017875607598096e-06,0.065,-0.06499899821243925,4,11,Anna Trebunskaya,Athlete,-0.6428815747471767,1,Balanced
9,Debi Mazar,3,8.0,8.738067773096441e-07,0.08,-0.07999912619322269,2,12,Maksim Chmerkoskiy,Actor/Actress,-0.7912424135739164,1,Balanced
9,Donny Osmond,10,3.4,0.32898394318085805,0.126,0.20298394318085805,2,1,Kym Johnson,Singer/Rapper,2.007640742615752,2,Fan-type
9,Joanna Krupa,9,2.6666666666666665,0.0008233201427200621,0.13333333333333333,-0.13251001319061326,0,4,Derek Hough,Model,-1.3106085984791012,0,Judge-type
9,Kathy Ireland,2,12.5,3.0602327871056817e-07,0.034999999999999996,-0.034999693976721286,2,14,Tony Dovolani,Model,-0.3461693102697353,1,Balanced
9,Kelly Osbourne,10,4.7,0.3289839424980316,0.113,0.2159839424980316,4,3,Louis van Amstel,TV Personality,2.1362190324752612,2,Fan-type
9,Louie Vito,6,7.833333333333333,0.00324886927223985,0.08166666666666668,-0.07841779739442684,4,8,Chelsie Hightower,Athlete,-0.7756020625481927,1,Balanced
9,Macy Gray,1,15.0,7.959669323462927e-07,0.01,-0.009999204033067654,1,15,Jonathan Roberts,Singer/Rapper,-0.09889850938912825,1,Balanced
9,Mark Dacascos,7,5.714285714285714,8.72662014043202e-05,0.10285714285714284,-0.10276987665573852,3,6,Lacey Schwimmer,Actor/Actress,-1.0164596679640872,0,Judge-type
9,Melissa Joan Hart,6,7.0,0.0001009973582692649,0.09,-0.08989900264173073,5,9,Mark Ballas,Actor/Actress,-0.8891585097607856,0,Judge-type
9,Michael Irvin,7,9.857142857142858,0.010388718098742299,0.06142857142857142,-0.051039853329829125,6,7,Anna Demidova,Athlete,-0.5048167231178332,1,Balanced
9,Mya,10,1.9,0.32898394456071867,0.141,0.18798394456071868,1,2,Dmitry Chaplin,Singer/Rapper,1.85928118324834,2,Fan-type
9,Natalie Coughlin,5,5.0,0.00023283863333838057,0.10999999999999999,-0.1097671613666616,1,10,Alec Mazo,Athlete,-1.0856672794292694,0,Judge-type
9,Tom DeLay,3,12.333333333333334,0.007746768713785833,0.03666666666666666,-0.028919897952880826,3,13,Cheryl Burke,Politician,-0.28603624746200473,1,Balanced
10,Aiden Turner,4,8.25,0.004898701085552375,0.05113636363636363,-0.04623766255081126,4,9,Edyta Sliwinska,Actor/Actress,-0.4573199915503526,1,Balanced
10,Buzz Aldrin,3,10.666666666666666,0.034786612300416964,0.01818181818181819,0.016604794118598772,3,10,Ashly DelGrosso,Astronaut,0.16423201102927942,1,Balanced
10,Chad Ochocinco,9,5.111111111111111,0.016204314945968013,0.09393939393939395,-0.07773507899342594,5,4,Cheryl Burke,Athlete,-0.7688495418507224,0,Judge-type
10,Erin Andrews,10,3.0,0.3186344046940836,0.12272727272727273,0.19590713196681087,2,3,Maksim Chmerkoskiy,Sports Broadcaster,1.9376465632807778,2,Fan-type
10,Evan Lysacek,10,2.0,0.3186344029884689,0.13636363636363635,0.18227076662483255,2,2,Anna Trebunskaya,Athlete,1.8027742073065107,2,Fan-type
10,Jake Pavelka,6,5.166666666666667,0.0022673697960908503,0.09318181818181819,-0.09091444838572733,2,7,Chelsie Hightower,TV Personality,-0.899201916227409,0,Judge-type
10,Kate Gosselin,5,9.0,0.022217139289035105,0.0409090909090909,-0.018691951620055797,5,8,Tony Dovolani,TV Personality,-0.18487533074470985,1,Balanced
10,Nicole Scherzinger,10,1.2,0.3186344035171077,0.14727272727272728,0.17136167624438042,0,1,Derek Hough,Singer/Rapper,1.6948763412513663,2,Fan-type
10,Niecy Nash,8,5.625,0.004517821670671915,0.08693181818181818,-0.08241399651114627,5,5,Louis van Amstel,Actor/Actress,-0.8151270221908508,0,Judge-type
10,Pamela Anderson,7,3.857142857142857,0.0014774176655895734,0.11103896103896102,-0.10956154337337144,2,6,Damian Whitewood,Model,-1.0836335862500193,0,Judge-type
10,Shannen Doherty,2,6.0,1.0069915140994724e-19,0.0818181818181818,-0.0818181818181818,0,11,Mark Ballas,Actor/Actress,-0.8092340346278948,0,Judge-type
11,Audrina Patridge,6,3.0,0.00016384352571112705,0.12272727272727273,-0.1225634292015616,1,7,Tony Dovolani,TV Personality,-1.2122305349074562,0,Judge-type
11,Brandy,9,2.0,0.0013309756994244334,0.13636363636363635,-0.1350326606642119,1,4,Maksim Chmerkoskiy,Singer/Rapper,-1.3355591919491512,0,Judge-type
11,Bristol Palin,10,5.9,0.31845689987632625,0.08318181818181818,0.23527508169450806,9,3,Mark Ballas,TV Personality,2.3270207107528864,2,Fan-type
11,David Hasselhoff,1,10.0,7.527749425877833e-05,0.02727272727272727,-0.027197449778468493,1,12,Kym Johnson,Actor/Actress,-0.2690001357489063,1,Balanced
11,Florence Henderson,5,6.8,0.00058659226727182,0.07090909090909091,-0.07032249864181908,5,8,Corky Ballas,Actor/Actress,-0.6955343914570812,0,Judge-type
11,Jennifer Grey,10,1.6,0.31845690200865345,0.14181818181818182,0.17663872019047164,1,1,Derek Hough,Actor/Actress,1.747069673692972,2,Fan-type
11,Kurt Warner,8,4.875,0.04526036301743972,0.0971590909090909,-0.05189872789165118,3,5,Anna Trebunskaya,Athlete,-0.5133115406688641,0,Judge-type
11,Kyle Massey,10,3.7,0.3184569024470587,0.11318181818181819,0.20527508426524052,2,2,Lacey Schwimmer,Actor/Actress,2.030301590148843,2,Fan-type
11,Margaret Cho,3,9.666666666666666,0.0007448973637346001,0.03181818181818183,-0.03107328445444723,3,10,Louis van Amstel,Comedian,-0.3073346142559315,1,Balanced
11,Michael Bolton,2,10.0,0.0006891852056343,0.02727272727272727,-0.026583542067092972,2,11,Chelsie Hightower,Singer/Rapper,-0.26292819668688244,1,Balanced
11,Rick Fox,7,3.7142857142857144,0.008998268676024171,0.11298701298701297,-0.1039887443109888,1,6,Cheryl Burke,Athlete,-1.028515046957078,0,Judge-type
11,The Situation,4,8.75,0.000409757006437675,0.04431818181818182,-0.043908424811744146,4,9,Karina Smirnoff,TV Personality,-0.4342823437891068,1,Balanced
12,Chelsea Kane,10,2.3,0.32443870568600597,0.13227272727272726,0.1921659784132787,1,3,Mark Ballas,Actor/Actress,1.9006441670283771,2,Fan-type
12,Chris Jericho,6,4.0,4.000390412638551e-05,0.10909090909090909,-0.1090509051867827,1,7,Cheryl Burke,Athlete,-1.0785830486948513,0,Judge-type
12,Hines Ward,10,1.7,0.3244387064730162,0.14045454545454544,0.18398416101847076,0,1,Kym Johnson,Athlete,1.819720771349621,2,Fan-type
12,Kendra Wilkinson,7,5.714285714285714,0.010582219832705885,0.0857142857142857,-0.07513206588157982,5,6,Louis van Amstel,TV Personality,-0.7431040809289735,0,Judge-type
12,Kirstie Alley,10,4.2,0.3244387068068784,0.10636363636363637,0.21807507044324204,5,2,Maksim Chmerkoskiy,Actor/Actress,2.156901622413354,2,Fan-type
12,Mike Catherwood,2,10.0,0.00010252995612653747,0.02727272727272727,-0.027170197316600735,2,11,Lacey Schwimmer,Radio Personality,-0.26873059150848555,1,Balanced
12,Petra Nemcova,5,5.0,1.1784075677427594e-05,0.09545454545454544,-0.09544276137886802,3,8,Dmitry Chaplin,Model,-0.9439898217034853,0,Judge-type
12,Ralph Macchio,9,3.7777777777777777,0.020322779368955865,0.11212121212121211,-0.09179843275225624,4,4,Karina Smirnoff,Actor/Actress,-0.9079450857720933,0,Judge-type
12,Romeo,8,3.75,0.0009694392790355227,0.11249999999999999,-0.11153056072096447,3,5,Chelsie Hightower,Singer/Rapper,-1.1031084244465694,0,Judge-type
12,Sugar Ray Leonard,4,8.5,0.00014845981021957574,0.04772727272727272,-0.04757881291705315,4,9,Anna Trebunskaya,Athlete,-0.47058482459599993,1,Balanced
12,Wendy Williams,3,9.666666666666666,0.0003349666676290333,0.03181818181818183,-0.031483215150552794,3,10,Tony Dovolani,TV Personality,-0.31138909045859886,1,Balanced
13,Carson Kressley,5,8.2,0.01147799080546966,0.06000000000000001,-0.048522009194530355,5,8,Anna Trebunskaya,TV Personality,-0.4799136377290642,1,Balanced
13,Chaz Bono,6,8.0,0.02157957562036045,0.0625,-0.04092042437963955,6,7,Lacey Schwimmer,TV Personality,-0.4047291125707059,1,Balanced
13,Chynna Phillips,4,3.25,1.1639753208491605e-18,0.121875,-0.121875,1,9,Tony Dovolani,Singer/Rapper,-1.2054215307478018,0,Judge-type
13,David Arquette,7,5.0,0.008775382153210186,0.09999999999999999,-0.09122461784678981,2,6,Kym Johnson,Actor/Actress,-0.9022696901477795,0,Judge-type
13,Elisabetta Canalis,2,7.5,2.6487341944694457e-19,0.06874999999999999,-0.06874999999999999,1,11,Valentin Chmerkovskiy,Actor/Actress,-0.6799813763192728,1,Balanced
13,Hope Solo,9,4.111111111111111,0.009302493187526857,0.11111111111111112,-0.10180861792358425,3,4,Maksim Chmerkoskiy,Athlete,-1.0069522056267899,0,Judge-type
13,J.R. Martinez,10,1.9,0.3188512436365434,0.13874999999999998,0.1801012436365434,2,1,Karina Smirnoff,Actor/Actress,1.781316240360574,2,Fan-type
13,Kristin Cavallari,3,3.6666666666666665,2.0811599514038163e-18,0.11666666666666667,-0.11666666666666667,0,10,Mark Ballas,TV Personality,-1.1539077901175538,0,Judge-type
13,Metta World Peace (Ron),1,12.0,8.877863891389847e-06,0.012499999999999999,-0.012491122136108609,1,12,Peta Murgatroyd,Athlete,-0.12354516977284753,1,Balanced
13,Nancy Grace,8,6.0,0.012804538188784211,0.08750000000000001,-0.0746954618112158,6,5,Tristan MacManus,TV Personality,-0.7387857880319156,0,Judge-type
13,Ricki Lake,10,1.9,0.31885124421579636,0.13874999999999998,0.18010124421579637,1,3,Derek Hough,Actor/Actress,1.7813162460897556,2,Fan-type
13,Rob Kardashian,10,3.6,0.3188512416592711,0.1175,0.2013512416592711,3,2,Cheryl Burke,TV Personality,1.9914922825755006,2,Fan-type
14,Donald Driver,10,3.6,0.32589098781113696,0.1175,0.20839098781113696,2,1,Peta Murgatroyd,Athlete,2.0611198647905415,2,Fan-type
14,Gavin DeGraw,5,7.8,0.00048939665407214,0.065,-0.06451060334592786,4,9,Karina Smirnoff,Singer/Rapper,-0.6380510378232831,1,Balanced
14,Gladys Knight,6,7.833333333333333,0.004002209067454316,0.06458333333333334,-0.06058112426587903,5,8,Tristan MacManus,Singer/Rapper,-0.5991859819240919,1,Balanced
14,Jack Wagner,3,6.333333333333333,1.6835560107570964e-05,0.08333333333333333,-0.08331649777322576,2,11,Anna Trebunskaya,Actor/Actress,-0.8240533356500318,0,Judge-type
14,Jaleel White,7,4.714285714285714,0.0005148127383085857,0.10357142857142855,-0.10305661583311997,4,7,Kym Johnson,Actor/Actress,-1.0192957014256214,0,Judge-type
14,Katherine Jenkins,10,1.9,0.3258909886496845,0.13874999999999998,0.18714098864968454,1,2,Mark Ballas,Singer/Rapper,1.8509438113129004,2,Fan-type
14,Maria Menounos,9,3.5555555555555554,0.008624056122561756,0.11805555555555555,-0.1094314994329938,3,4,Derek Hough,TV Personality,-1.0823473686855105,0,Judge-type
14,Martina Navratilova,2,11.0,1.6419733682524614e-18,0.024999999999999998,-0.024999999999999998,2,12,Tony Dovolani,Athlete,-0.2472659550251901,1,Balanced
14,Melissa Gilbert,8,7.375,0.014413015658396176,0.0703125,-0.05589948434160383,8,5,Maksim Chmerkoskiy,Actor/Actress,-0.5528815752456933,1,Balanced
14,Roshon Fegan,8,3.875,2.1891253406597898e-05,0.11406249999999998,-0.11404060874659339,2,6,Chelsie Hightower,Actor/Actress,-1.1279344013352186,0,Judge-type
14,Sherri Sheperd,4,6.5,1.5039082322468532e-05,0.08124999999999999,-0.08123496091767753,2,10,Valentin Chmerkovskiy,Actor/Actress,-0.8034656077097412,0,Judge-type
14,William Levy,10,2.6,0.32589098851414455,0.13,0.19589098851414455,1,3,Cheryl Burke,Actor/Actress,1.93748689423114,2,Fan-type
15,Apolo Anton Ohno,9,3.6666666666666665,0.0005035737823278713,0.11923076923076924,-0.11872719544844136,2,5,Karina Smirnoff,Athlete,-1.1742877348008505,0,Judge-type
15,Bristol Palin,4,10.5,0.013636561546932699,0.04038461538461538,-0.02674805383768268,4,9,Mark Ballas,TV Personality,-0.2645553230895924,1,Balanced
15,Drew Lachey,3,7.333333333333333,0.0050803161700771335,0.07692307692307693,-0.07184276075299979,2,11,Anna Trebunskaya,Singer/Rapper,-0.7105707539694697,0,Judge-type
15,Emmitt Smith,9,5.333333333333333,0.012911574842934889,0.1,-0.08708842515706512,5,4,Cheryl Burke,Athlete,-0.86136010472406,0,Judge-type
15,Gilles Marini,8,2.875,0.007300815393160337,0.1283653846153846,-0.12106456922222426,2,6,Peta Murgatroyd,Actor/Actress,-1.1974058531378609,0,Judge-type
15,Helio Castroneves,3,5.333333333333333,1.2569681795790944e-18,0.1,-0.1,0,10,Chelsie Hightower,Racing Driver,-0.9890638201007605,0,Judge-type
15,Joey Fatone,2,8.5,1.2871163096032403e-18,0.06346153846153846,-0.06346153846153846,2,12,Kym Johnson,Singer/Rapper,-0.6276751166024057,1,Balanced
15,Kelly Monaco,10,4.9,0.3207637692784418,0.105,0.21576376927844182,5,3,Valentin Chmerkovskiy,Actor/Actress,2.134041378818748,2,Fan-type
15,Kirstie Alley,8,8.375,0.015927683938513064,0.06490384615384616,-0.048976162215333095,8,7,Maksim Chmerkoskiy,Actor/Actress,-0.48440550094571877,1,Balanced
15,Melissa Rycroft,10,2.9,0.3207637700071711,0.12807692307692306,0.19268684693024804,1,1,Tony Dovolani,TV Personality,1.9057958890800162,2,Fan-type
15,Pamela Anderson,1,13.0,1.3258479370768325e-08,0.011538461538461539,-0.01153844827998217,1,13,Tristan MacManus,Model,-0.11412261733834214,1,Balanced
15,Sabrina Bryan,6,2.6666666666666665,0.00012256454562748173,0.13076923076923078,-0.1306466662236033,1,8,Louis van Amstel,Actor/Actress,-1.2921789077854609,0,Judge-type
15,Shawn Johnson,10,2.9,0.32076376796329126,0.12807692307692306,0.1926868448863682,2,2,Derek Hough,Athlete,1.9057958688647403,2,Fan-type
16,Alexandra Raisman,10,2.3,0.24404529081652054,0.13374999999999998,0.11029529081652056,1,4,Mark Ballas,Athlete,1.0908908167411215,2,Fan-type
16,Andy Dick,7,7.571428571428571,2.3935378105361013e-05,0.06785714285714285,-0.0678332074790375,6,7,Sharna Burgess,Comedian,-0.670913713189043,1,Balanced
16,D. L. Hughley,5,9.4,4.3165821768199655e-05,0.045,-0.0449568341782318,5,9,Cheryl Burke,Comedian,-0.4446517815195838,1,Balanced
16,Dorothy Hamill,2,7.0,7.57677213866e-05,0.075,-0.0749242322786134,1,12,Tristan MacManus,Athlete,-0.7410484739560208,0,Judge-type
16,Ingo Rademacher,9,5.111111111111111,0.0032344053452673443,0.09861111111111111,-0.09537670576584377,4,5,Kym Johnson,Actor/Actress,-0.9433364895339167,0,Judge-type
16,Jacoby Jones,10,3.6,0.25443703009338325,0.1175,0.13693703009338326,3,3,Karina Smirnoff,Athlete,1.3543946209741444,2,Fan-type
16,Kellie Pickler,10,2.1,0.24924116012128944,0.13624999999999998,0.11299116012128946,0,1,Derek Hough,Singer/Rapper,1.1175546846717925,2,Fan-type
16,Lisa Vanderpump,4,7.75,6.419109499105965e-06,0.065625,-0.06561858089050089,3,10,Gleb Savchenko,TV Personality,-0.6490096428514958,1,Balanced
16,Sean Lowe,8,5.875,1.1011894071303168e-05,0.0890625,-0.0890514881059287,4,6,Peta Murgatroyd,TV Personality,-0.8807760501170727,0,Judge-type
16,Victor Ortiz,6,7.166666666666667,7.635257234218418e-05,0.07291666666666666,-0.07284031409432447,5,8,Lindsay Arnold,Athlete,-0.7204371931547182,0,Judge-type
16,Wynonna Judd,3,9.0,4.571153911907803e-05,0.049999999999999996,-0.049954288460880916,3,11,Tony Dovolani,Singer/Rapper,-0.49407979375534217,1,Balanced
16,Zendaya,10,1.7,0.24924116077403308,0.14125000000000001,0.10799116077403306,1,2,Valentin Chmerkovskiy,Actor/Actress,1.0681015001228054,2,Fan-type
17,Amber Riley,11,2.727272727272727,0.241716157009504,0.12840909090909092,0.11330706610041308,2,1,Derek Hough,Actor/Actress,1.1206791964168394,2,Fan-type
17,Bill Engvall,11,7.090909090909091,0.24171615090216372,0.07386363636363637,0.16785251453852734,10,4,Emma Slater,Comedian,1.660168492429943,2,Fan-type
17,Bill Nye,3,11.333333333333334,0.0035458397595248335,0.020833333333333325,-0.01728749357380849,3,11,Tyne Stecklein,TV Personality,-0.17098434434078374,1,Balanced
17,Brant Daugherty,8,4.5,0.002781958219579738,0.10625,-0.10346804178042025,3,7,Peta Murgatroyd,Actor/Actress,-1.0233649666168756,0,Judge-type
17,Christina Milian,5,3.0,2.6791399826865595e-06,0.125,-0.12499732086001732,0,9,Mark Ballas,Singer/Rapper,-1.2363032767216922,0,Judge-type
17,Corbin Bleu,11,1.8181818181818181,0.24171615322491366,0.13977272727272727,0.10194342595218639,1,2,Karina Smirnoff,Actor/Actress,1.0082855430642848,2,Fan-type
17,Elizabeth Berkley Lauren,9,3.3333333333333335,0.00860869512104141,0.12083333333333332,-0.11222463821229191,3,6,Valentin Chmerkovskiy,Actor/Actress,-1.1099732937967521,0,Judge-type
17,Jack Osbourne,11,4.0,0.2417161505313086,0.11249999999999999,0.1292161505313086,3,3,Cheryl Burke,TV Personality,1.27803019463211,2,Fan-type
17,Keyshawn Johnson,2,11.0,2.8029787720392557e-18,0.024999999999999998,-0.024999999999999994,2,12,Sharna Burgess,Athlete,-0.24726595502519008,1,Balanced
17,Leah Remini,10,5.3,0.021626912458763418,0.09625,-0.07462308754123659,5,5,Tony Dovolani,Actor/Actress,-0.7380699603124893,0,Judge-type
17,"Nicole ""Snooki"" Polizzi",7,4.714285714285714,0.003666433203001057,0.10357142857142855,-0.0999049953684275,2,8,Sasha Farber,TV Personality,-0.9881241636624568,0,Judge-type
17,Valerie Harper,4,9.5,0.003042569455016525,0.043750000000000004,-0.04070743054498348,4,10,Tristan MacManus,Actor/Actress,-0.4026224676130774,1,Balanced
18,Amy Purdy,10,2.4,0.2419313127773719,0.13249999999999998,0.10943131277737192,0,2,Derek Hough,Athlete,1.0823455225422864,2,Fan-type
18,Billy Dee Williams,2,11.5,0.02509262261082345,0.01875,0.00634262261082345,2,10,Emma Slater,Actor/Actress,0.062732585489185,1,Balanced
18,Candace Cameron Bure,10,5.5,0.2583929882211287,0.09375,0.16464298822112872,8,3,Mark Ballas,Actor/Actress,1.628424228827941,2,Fan-type
18,Charlie White,9,2.5555555555555554,0.012323018402667255,0.13055555555555554,-0.11823253715288828,1,5,Sharna Burgess,Athlete,-1.1693952485664079,0,Judge-type
18,Cody Simpson,5,6.8,0.0009148946148817002,0.0775,-0.0765851053851183,3,9,Witney Carson,Singer/Rapper,-0.7574755689502443,0,Judge-type
18,Danica McKellar,8,3.375,0.00625276724074125,0.1203125,-0.11405973275925875,1,6,Valentin Chmerkovskiy,Actor/Actress,-1.1281235500254432,0,Judge-type
18,Diana Nyad,1,11.0,2.19041990142397e-18,0.024999999999999998,-0.024999999999999994,1,12,Henry Byalikov,Athlete,-0.24726595502519008,1,Balanced
18,Drew Carey,6,7.166666666666667,0.012838286496771267,0.07291666666666666,-0.06007838016989539,5,8,Cheryl Burke,Comedian,-0.5942135219630251,0,Judge-type
18,James Maslow,10,3.4,0.22546963590684305,0.11999999999999998,0.10546963590684306,5,4,Peta Murgatroyd,Actor/Actress,1.0431620099465855,2,Fan-type
18,Meryl Davis,10,1.9,0.24193131276322863,0.13874999999999998,0.10318131276322864,1,1,Maksim Chmerkoskiy,Athlete,1.0205290336461028,2,Fan-type
18,NeNe Leakes,7,6.571428571428571,0.004289823212522301,0.08035714285714285,-0.07606731964462055,6,7,Tony Dovolani,TV Personality,-0.7523543375253402,0,Judge-type
18,Sean Avery,2,8.5,1.2665518459379156e-17,0.056249999999999994,-0.05624999999999998,2,11,Karina Smirnoff,Athlete,-0.5563483988066776,1,Balanced
19,Alfonso Ribeiro,11,2.090909090909091,0.23812387887596242,0.1374125874125874,0.10071129146337501,0,1,Witney Carson,Actor/Actress,0.996098946620468,2,Fan-type
19,Antonio Sabato Jr.,7,7.142857142857143,0.0125666962118053,0.07912087912087912,-0.06655418290907382,6,8,Cheryl Burke,Actor/Actress,-0.658263343917333,0,Judge-type
19,Bethany Mota,11,2.909090909090909,0.2381238785081723,0.12797202797202797,0.11015185053614432,1,4,Derek Hough,Social Media Personality,1.089472100824469,2,Fan-type
19,Betsey Johnson,4,8.75,0.002702048213961075,0.06057692307692308,-0.057874874862962,4,10,Tony Dovolani,Fashion Designer,-0.5724194481981467,1,Balanced
19,Janel Parrish,11,2.909090909090909,0.23812387871388327,0.12797202797202797,0.1101518507418553,1,3,Valentin Chmerkovskiy,Actor/Actress,1.089472102859082,2,Fan-type
19,Jonathan Bennett,6,6.5,0.011745842231271548,0.08653846153846152,-0.07479261930718997,3,9,Allison Holker,Actor/Actress,-0.739746737673112,0,Judge-type
19,Lea Thompson,9,3.5555555555555554,0.00018546466440858683,0.12051282051282051,-0.12032735584841193,3,6,Artem Chigvintsev,Actor/Actress,-1.190114342380539,0,Judge-type
19,Lolo Jones,1,12.0,0.0,0.023076923076923078,-0.023076923076923078,1,13,Keo Motsepe,Athlete,-0.22824549694632937,1,Balanced
19,Michael Waltrip,8,9.0,0.013774122538321162,0.057692307692307696,-0.04391818515398653,8,7,Emma Slater,Racing Driver,-0.43437887980294426,1,Balanced
19,Randy Couture,3,8.0,4.40835881676675e-05,0.06923076923076923,-0.06918668564260157,2,11,Karina Smirnoff,Athlete,-0.6843004760178194,1,Balanced
19,Sadie Robertson,11,3.3636363636363638,0.23812387920194356,0.12272727272727273,0.11539660647467083,3,2,Mark Ballas,TV Personality,1.141346084265021,2,Fan-type
19,Tavis Smiley,2,7.5,2.168265465135913e-18,0.075,-0.075,1,12,Sharna Burgess,Radio Personality,-0.7417978650755703,1,Balanced
19,Tommy Chong,10,6.7,0.02413047989235591,0.08423076923076923,-0.060100289338413326,9,5,Peta Murgatroyd,Comedian,-0.5944302176221209,0,Judge-type
20,Charlotte McKinney,3,10.666666666666666,0.013328907753573434,0.029166666666666674,-0.01583775891309324,3,11,Keo Motsepe,Model,-0.15664554332418867,1,Balanced
20,Chris Soules,8,7.0,0.028976968495253413,0.075,-0.046023031504746584,7,5,Witney Carson,TV Personality,-0.45519715352702306,0,Judge-type
20,Michael Sam,4,6.75,0.006628969048962525,0.078125,-0.07149603095103747,2,10,Peta Murgatroyd,Athlete,-0.7071413749447533,0,Judge-type
20,Nastia Liukin,9,1.7777777777777777,0.001419914860622279,0.14027777777777775,-0.13885786291715546,0,4,Derek Hough,Athlete,-1.373392883478695,0,Judge-type
20,Noah Galloway,10,5.2,0.3126331748175585,0.0975,0.21513317481755848,6,3,Sharna Burgess,Motivational Speaker,2.1278043971545912,2,Fan-type
20,Patti LaBelle,6,7.333333333333333,0.01044731238198715,0.07083333333333333,-0.06038602095134618,5,8,Artem Chigvintsev,Singer/Rapper,-0.5972562856282302,1,Balanced
20,Redfoo,2,8.0,0.0,0.0625,-0.0625,1,12,Emma Slater,Singer/Rapper,-0.6181648875629753,1,Balanced
20,Riker Lynch,10,2.0,0.3126345213926696,0.13749999999999998,0.17513452139266963,0,2,Allison Holker,Actor/Actress,1.7321921876015218,2,Fan-type
20,Robert Herjavec,8,6.125,0.025344418474494278,0.08593749999999999,-0.06059308152550571,4,6,Kym Johnson,Entrepreneur,-0.5993042468529349,0,Judge-type
20,Rumer Willis,10,2.3,0.3126338532272126,0.13374999999999998,0.17888385322721262,1,1,Valentin Chmerkovskiy,Actor/Actress,1.7692754722725066,2,Fan-type
20,Suzanne Somers,5,7.2,0.00866812532306442,0.0725,-0.06383187467693557,3,9,Tony Dovolani,Actor/Actress,-0.631337978121629,0,Judge-type
20,Willow Shields,7,3.2857142857142856,0.0001581536797418997,0.12142857142857144,-0.12127041774882955,1,7,Mark Ballas,Actor/Actress,-1.199441826438724,0,Judge-type
21,Alek Skarlatos,11,5.2727272727272725,0.25089770658026284,0.10069930069930068,0.15019840588096217,8,3,Lindsay Arnold,Military,1.4855580909366897,2,Fan-type
21,Alexa PenaVega,9,4.0,0.0011470977526170222,0.11538461538461539,-0.11423751763199837,4,6,Mark Ballas,Actor/Actress,-1.129881955879323,0,Judge-type
21,Andy Grammer,8,5.5,0.0008810742816456845,0.09807692307692308,-0.09719584879527739,4,7,Allison Holker,Singer/Rapper,-0.9613289750739296,0,Judge-type
21,Bindi Irwin,11,1.8181818181818181,0.24167889092127276,0.14055944055944056,0.1011194503618322,0,1,Derek Hough,TV Personality,1.00013589861363,2,Fan-type
21,Carlos PenaVega,11,3.1818181818181817,0.2324600767601864,0.12482517482517483,0.10763490193501157,2,4,Witney Carson,Actor/Actress,1.064577872840133,2,Fan-type
21,Chaka Khan,2,12.5,0.012936467125803049,0.01730769230769231,-0.00437122518188926,2,13,Keo Motsepe,Singer/Rapper,-0.04323420676920033,1,Balanced
21,Gary Busey,4,10.0,0.007498714916792401,0.046153846153846156,-0.038655131237053754,4,10,Anna Trebunskaya,Actor/Actress,-0.3823239176781662,1,Balanced
21,Hayes Grier,7,4.857142857142857,0.0003582478182370571,0.10549450549450548,-0.10513625767626843,3,8,Emma Slater,Social Media Personality,-1.0398646864838796,0,Judge-type
21,Kim Zolciak-Biermann,2,11.0,3.2004276334768004e-07,0.03461538461538462,-0.03461506457262127,2,11,Tony Dovolani,TV Personality,-0.3423650799923129,1,Balanced
21,Nick Carter,11,2.909090909090909,0.2416788918376123,0.12797202797202797,0.11370686386558432,2,2,Sharna Burgess,Singer/Rapper,1.1246334514657195,2,Fan-type
21,Paula Deen,6,9.166666666666666,0.0009568687151422416,0.05576923076923078,-0.054812362054088536,6,9,Louis van Amstel,TV Personality,-0.5421292420196278,1,Balanced
21,Tamar Braxton,9,3.5555555555555554,0.03162648107122184,0.12051282051282051,-0.08888633944159868,3,5,Valentin Chmerkovskiy,Singer/Rapper,-0.879142624428805,0,Judge-type
21,Victor Espinoza,2,9.0,2.941083946043967e-07,0.057692307692307696,-0.05769201358391309,2,12,Karina Smirnoff,Athlete,-0.5706108334461005,1,Balanced
22,Antonio Brown,9,5.666666666666667,0.014898466991940232,0.09166666666666666,-0.07676819967472642,6,5,Sharna Burgess,Athlete,-0.7592864883254288,0,Judge-type
22,Doug Flutie,6,8.333333333333334,0.011882177126875934,0.05833333333333332,-0.046451156206457386,5,9,Karina Smirnoff,Athlete,-0.45943158005655893,1,Balanced
22,Geraldo Rivera,2,12.0,3.0450257927709984e-18,0.012499999999999999,-0.012499999999999995,2,12,Edyta Sliwinska,Journalist,-0.12363297751259501,1,Balanced
22,Ginger Zee,10,3.0,0.31774953036808495,0.125,0.19274953036808495,3,3,Valentin Chmerkovskiy,News Anchor,1.9064158682848564,2,Fan-type
22,Jodie Sweetin,8,4.75,0.0023808826092124873,0.103125,-0.10074411739078751,3,6,Keo Motsepe,Actor/Actress,-0.9964236159921175,0,Judge-type
22,Kim Fields,7,6.571428571428571,2.5214926429775075e-06,0.08035714285714285,-0.08035462136449988,6,8,Sasha Farber,Actor/Actress,-0.7947584876952243,0,Judge-type
22,Marla Maples,4,5.75,3.107349293979841e-06,0.090625,-0.09062189265070601,1,10,Tony Dovolani,TV Personality,-0.8963083532986832,0,Judge-type
22,Mischa Barton,3,10.666666666666666,9.49265042756297e-07,0.029166666666666674,-0.02916571740162392,3,11,Artem Chigvintsev,Actor/Actress,-0.2884675586922938,1,Balanced
22,Nyle DiMarco,10,2.6,0.3177495306968674,0.13,0.1877495306968674,0,1,Peta Murgatroyd,Model,1.8569626805316866,2,Fan-type
22,Paige VanZant,10,2.4,0.31774953070880796,0.13249999999999998,0.18524953070880798,1,2,Mark Ballas,Athlete,1.8322360851472677,2,Fan-type
22,Von Miller,7,5.714285714285714,0.00014178829327330606,0.09107142857142857,-0.09092964027815525,5,7,Witney Carson,Athlete,-0.8993521737390021,0,Judge-type
22,Wanya Morris,9,2.4444444444444446,0.02689581222291769,0.13194444444444445,-0.10504863222152676,1,4,Lindsay Arnold,Singer/Rapper,-1.038998014813831,0,Judge-type
23,Amber Rose,6,7.666666666666667,0.00015726418596827813,0.07307692307692307,-0.0729196588909548,5,9,Maksim Chmerkoskiy,Model,-0.7212219638313213,1,Balanced
23,Babyface,4,6.75,4.5644915158790047e-11,0.08365384615384615,-0.08365384610820123,2,11,Allison Holker,Singer/Rapper,-0.8273899259789864,0,Judge-type
23,Calvin Johnson Jr.,11,3.909090909090909,0.24126286952770662,0.11643356643356642,0.1248293030941402,4,3,Lindsay Arnold,Athlete,1.2346414737880598,2,Fan-type
23,Jake T. Austin,2,10.5,7.512212096822997e-11,0.04038461538461538,-0.040384615309493256,2,13,Jenna Johnson,Actor/Actress,-0.39942961891307055,1,Balanced
23,James Hinchcliffe,11,2.3636363636363638,0.24126286891773188,0.13426573426573427,0.10699713465199762,1,2,Sharna Burgess,Racing Driver,1.0582699473874022,2,Fan-type
23,Jana Kramer,11,3.6363636363636362,0.24126286896754523,0.11958041958041957,0.12168244938712566,3,4,Gleb Savchenko,Singer/Rapper,1.2035170823004795,2,Fan-type
23,Laurie Hernandez,11,1.9090909090909092,0.24126286964109792,0.1395104895104895,0.10175238013060842,0,1,Valentin Chmerkovskiy,Athlete,1.0063959779632428,2,Fan-type
23,Marilu Henner,9,5.777777777777778,0.01914163757245971,0.09487179487179487,-0.07573015729933516,4,6,Derek Hough,Actor/Actress,-0.7490195867531193,0,Judge-type
23,Maureen McCormick,7,6.571428571428571,0.00022868015043473792,0.0857142857142857,-0.08548560556385096,5,8,Artem Chigvintsev,Actor/Actress,-0.8455071960260926,0,Judge-type
23,Rick Perry,3,12.333333333333334,0.004782875058717633,0.019230769230769225,-0.014447894172051591,3,12,Emma Slater,Politician,-0.14289889402220862,1,Balanced
23,Ryan Lochte,8,7.5,0.0009471763128337025,0.075,-0.0740528236871663,8,7,Cheryl Burke,Athlete,-0.7324296868527679,1,Balanced
23,Terra Jole,10,3.7,0.01750932965973323,0.11884615384615385,-0.10133682418642062,2,5,Sasha Farber,TV Personality,-1.0022858644670032,0,Judge-type
23,Vanilla Ice,4,8.0,0.003148834071088475,0.06923076923076923,-0.06608193515968076,2,10,Witney Carson,Singer/Rapper,-0.6535925122868461,1,Balanced
24,Bonner Bolton,8,6.75,0.02109532919947374,0.078125,-0.05702967080052626,6,5,Sharna Burgess,Athlete,-0.564059840610573,0,Judge-type
24,Charo,3,9.333333333333334,0.0006252059351324334,0.04583333333333333,-0.0452081273982009,3,11,Keo Motsepe,Actor/Actress,-0.44713723184066434,1,Balanced
24,Chris Kattan,2,11.5,0.00032101729896860003,0.01875,-0.0184289827010314,2,12,Witney Carson,Comedian,-0.18227440030852948,1,Balanced
24,David Ross,10,5.6,0.31630820889927785,0.0925,0.22380820889927786,8,2,Lindsay Arnold,Athlete,2.213606020638288,2,Fan-type
24,Erika Jayne,5,6.6,0.00121589063034828,0.08,-0.07878410936965172,4,9,Gleb Savchenko,Singer/Rapper,-0.7792251217638384,0,Judge-type
24,Heather Morris,6,2.6666666666666665,1.1444363256842482e-05,0.12916666666666668,-0.12915522230340984,0,8,Maksim Chmerkoskiy,Actor/Actress,-1.2774275755737348,0,Judge-type
24,Mr. T,4,10.25,0.001104734098770075,0.034374999999999996,-0.03327026590122992,4,10,Kym Herjavec,Actor/Actress,-0.3290641628803853,1,Balanced
24,Nancy Kerrigan,7,3.7142857142857144,0.011203834877720831,0.11607142857142855,-0.10486759369370771,1,7,Artem Chigvintsev,Athlete,-1.0372074282347297,0,Judge-type
24,Nick Viall,7,6.857142857142857,0.023328704359377804,0.07678571428571429,-0.053457009926336486,6,6,Peta Murgatroyd,TV Personality,-0.5287239444890663,0,Judge-type
24,Normani,10,2.3,0.3163082103284255,0.13374999999999998,0.1825582103284255,1,3,Valentin Chmerkovskiy,Singer/Rapper,1.8056172089819065,2,Fan-type
24,Rashad Jennings,10,2.6,0.3163082097328587,0.13,0.18630820973285872,1,1,Emma Slater,Athlete,1.8427070963451493,2,Fan-type
24,Simone Biles,9,2.5555555555555554,0.009686510445466444,0.13055555555555554,-0.12086904511008909,0,4,Sasha Farber,Athlete,-1.1954719948851587,0,Judge-type
25,Barbara Corcoran,2,13.0,0.0004070763244909,0.011538461538461539,-0.011131385213970639,2,13,Keo Motsepe,Entrepreneur,-0.1100965038274292,1,Balanced
25,Debbie Gibson,2,8.5,0.00040707632934365004,0.06346153846153846,-0.0630544621321948,1,12,Alan Bersten,Singer/Rapper,-0.6236488719086734,1,Balanced
25,Derek Fisher,4,8.5,5.8868211883456384e-05,0.06346153846153846,-0.063402670249655,2,11,Sharna Burgess,Athlete,-0.6270928724171261,1,Balanced
25,Drew Scott,10,5.6,0.2467750854851615,0.09692307692307693,0.14985200856208458,6,4,Emma Slater,TV Personality,1.4821320003818725,2,Fan-type
25,Frankie Muniz,10,3.5,0.246775086487713,0.12115384615384615,0.12562124033386685,3,3,Witney Carson,Actor/Actress,1.2424742385041008,2,Fan-type
25,Jordan Fisher,10,1.5,0.24677508646964447,0.14423076923076922,0.10254431723887525,0,1,Lindsay Arnold,Actor/Actress,1.0142287413790623,2,Fan-type
25,Lindsey Stirling,10,2.4,0.24677508601538456,0.13384615384615384,0.11292893216923072,1,2,Mark Ballas,Musician,1.11693921051199,2,Fan-type
25,Nick Lachey,6,9.0,0.007512597494185616,0.057692307692307696,-0.05017971019812208,4,9,Peta Murgatroyd,Singer/Rapper,-0.4963093586010371,1,Balanced
25,Nikki Bella,7,5.571428571428571,0.00013081567772875715,0.09725274725274725,-0.0971219315750185,2,8,Artem Chigvintsev,Athlete,-0.9605978865915247,0,Judge-type
25,Sasha Pieterse,5,6.8,2.6301192513659658e-05,0.08307692307692308,-0.08305062188440941,2,10,Gleb Savchenko,Actor/Actress,-0.8214236534273779,0,Judge-type
25,Terrell Owens,8,6.375,5.075303823749547e-05,0.08798076923076924,-0.08793001619253174,5,6,Cheryl Burke,Athlete,-0.8696839771690718,0,Judge-type
25,Vanessa Lachey,7,4.142857142857143,0.00011341352010892989,0.11373626373626375,-0.11362285021615481,1,7,Maksim Chmerkoskiy,TV Personality,-1.123802502855266,0,Judge-type
25,Victoria Arlen,9,4.222222222222222,0.008867784183034834,0.11282051282051284,-0.10395272863747801,2,5,Valentin Chmerkovskiy,Athlete,-1.0281588289608172,0,Judge-type
26,Adam Rippon,4,1.0,0.33101729178915784,0.15,0.18101729178915785,0,1,Jenna Johnson,Athlete,1.7903765412127848,2,Fan-type
26,Arike Ogunbowale,2,5.0,4.32198600919542e-19,0.09,-0.09,1,7,Gleb Savchenko,Athlete,-0.8901574380906844,0,Judge-type
26,Chris Mazdzer,3,4.666666666666667,0.0004291075900472333,0.09499999999999999,-0.09457089240995276,1,5,Witney Carson,Athlete,-0.9353664811732589,0,Judge-type
26,Jamie Anderson,1,8.0,0.0,0.045,-0.045,1,10,Artem Chigvintsev,Athlete,-0.4450787190453422,1,Balanced
26,Jennie Finch Daigle,3,5.666666666666667,0.0008541018724934333,0.08,-0.07914589812750657,2,6,Keo Motsepe,Athlete,-0.7828034434729727,0,Judge-type
26,Johnny Damon,1,9.0,0.0047619047619047,0.03,-0.0252380952380953,1,9,Emma Slater,Athlete,-0.24962086888257348,1,Balanced
26,Josh Norman,4,2.75,0.33101729139913755,0.12374999999999999,0.20726729139913758,1,2,Sharna Burgess,Athlete,2.050005790131685,2,Fan-type
26,Kareem Abdul-Jabbar,2,9.0,0.008946776870743,0.03,-0.021053223129256997,2,8,Lindsay Arnold,Athlete,-0.20822981293656612,1,Balanced
26,Mirai Nagasu,3,2.3333333333333335,0.0004291394923245666,0.12999999999999998,-0.1295708605076754,0,4,Alan Bersten,Athlete,-1.281538502674642,0,Judge-type
26,Tonya Harding,4,3.25,0.33101729046970785,0.11624999999999999,0.21476729046970786,1,3,Sasha Farber,Athlete,2.124185567446589,2,Fan-type
27,Alexis Ren,9,3.3333333333333335,0.23157765385955095,0.12307692307692307,0.10850073078262788,1,4,Alan Bersten,Social Media Personality,1.0731414727159012,2,Fan-type
27,Bobby Bones,9,7.0,0.23158776635879189,0.08076923076923076,0.15081853558956113,8,1,Sharna Burgess,Radio Personality,1.4916915695221382,2,Fan-type
27,Danelle Umstead,2,10.0,0.00038727150474155,0.046153846153846156,-0.04576657464910461,2,12,Artem Chigvintsev,Athlete,-0.45266063155370023,1,Balanced
27,DeMarcus Ware,7,4.857142857142857,0.015207572637143544,0.10549450549450548,-0.09028693285736193,2,7,Lindsay Arnold,Athlete,-0.8929953871708326,0,Judge-type
27,Evanna Lynch,9,3.7777777777777777,0.23158737202024401,0.11794871794871795,0.11363865407152607,2,3,Keo Motsepe,Actor/Actress,1.1239588130709242,2,Fan-type
27,Joe Amabile,8,9.375,0.04519853548805886,0.05336538461538461,-0.008166849127325751,8,6,Jenna Johnson,TV Personality,-0.0807753499605937,1,Balanced
27,John Schneider,7,7.857142857142857,0.019909851785948156,0.07087912087912088,-0.05096926909317272,7,8,Emma Slater,Actor/Actress,-0.5041185999703703,1,Balanced
27,Juan Pablo Di Pace,8,2.0,0.006280387829014774,0.13846153846153847,-0.1321811506325237,0,5,Cheryl Burke,Actor/Actress,-1.3073559378991795,0,Judge-type
27,Mary Lou Retton,6,5.333333333333333,1.7974342316066312e-05,0.1,-0.09998202565768394,3,9,Sasha Farber,Athlete,-0.9888860423840112,0,Judge-type
27,Milo Manheim,9,2.2222222222222223,0.23158676755613283,0.13589743589743591,0.09568933165869692,1,2,Witney Carson,Actor/Actress,0.9464285591323942,2,Fan-type
27,Nancy McKeon,3,8.666666666666666,0.0014065104112966666,0.06153846153846154,-0.06013195112716488,3,11,Valentin Chmerkovskiy,Actor/Actress,-0.5947433729194592,1,Balanced
27,Nikki Glaser,1,12.0,8.504327281942168e-05,0.023076923076923078,-0.022991879804103655,1,13,Gleb Savchenko,Comedian,-0.22740436470344286,1,Balanced
27,Tinashe,4,1.5,2.5910365321161737e-05,0.14423076923076922,-0.14420485886544807,0,10,Brandon Armstrong,Singer/Rapper,-1.4262780858655109,0,Judge-type
28,Ally Brooke,11,2.3636363636363638,0.09857929921263811,0.13295454545454544,-0.034375246241907326,2,3,Sasha Farber,Singer/Rapper,-0.3399931236492517,0,Judge-type
28,Hannah Brown,11,3.3636363636363638,0.11137106829119109,0.12045454545454545,-0.009083477163354364,3,1,Alan Bersten,TV Personality,-0.08984138622985287,0,Judge-type
28,James Van Der Beek,10,2.6,0.15851018410969525,0.13,0.028510184109695247,2,5,Emma Slater,Actor/Actress,0.2819839160731118,0,Judge-type
28,Karamo Brown,7,6.428571428571429,0.06849595769145495,0.08214285714285713,-0.013646899451402184,5,8,Jenna Johnson,TV Personality,-0.13497654503934817,0,Judge-type
28,Kate Flannery,8,4.75,0.18877802402013888,0.103125,0.08565302402013888,4,7,Pasha Pashkov,Actor/Actress,0.8471630714054076,2,Fan-type
28,Kel Mitchell,11,3.4545454545454546,0.13650706868750132,0.11931818181818181,0.017188886869319506,3,2,Witney Carson,Actor/Actress,0.1700090611024895,0,Judge-type
28,Lamar Odom,4,11.0,0.0809365540688398,0.024999999999999998,0.05593655406883981,4,10,Peta Murgatroyd,Athlete,0.5532482185059944,1,Balanced
28,Lauren Alaina,11,4.181818181818182,0.1409273514143847,0.11022727272727273,0.03070007868711197,5,4,Gleb Savchenko,Singer/Rapper,0.30364337103668904,0,Judge-type
28,Mary Wilson,2,7.5,0.0630086924161948,0.06874999999999999,-0.005741307583805186,1,12,Brandon Armstrong,Singer/Rapper,-0.05678519611211824,1,Balanced
28,Ray Lewis,2,9.5,0.0891077473623774,0.043750000000000004,0.0453577473623774,2,11,Cheryl Burke,Athlete,0.4486170687739819,1,Balanced
28,Sailor Brinkley-Cook,6,4.333333333333333,0.08165956051931193,0.10833333333333335,-0.026673772814021418,1,9,Valentin Chmerkovskiy,Model,-0.2638206363593584,0,Judge-type
28,Sean Spicer,9,8.555555555555555,0.1051147933656117,0.05555555555555556,0.049559237810056146,9,6,Lindsay Arnold,Politician,0.4901724906969618,1,Balanced
29,AJ McLean,9,4.777777777777778,0.08027701381258646,0.11222222222222221,-0.031945208409635745,2,7,Cheryl Burke,Singer/Rapper,-0.3159584986354927,0,Judge-type
29,Anne Heche,4,8.75,0.1303416792962418,0.0725,0.0578416792962418,2,13,Keo Motsepe,Actor/Actress,0.5720911228578398,1,Balanced
29,Carole Baskin,3,13.666666666666666,0.04384597156329217,0.023333333333333338,0.02051263822995883,3,14,Pasha Pashkov,TV Personality,0.20288308328067983,1,Balanced
29,Charles Oakley,2,14.0,0.0526590349412467,0.02,0.032659034941246695,2,15,Emma Slater,Athlete,0.32301869859793675,1,Balanced
29,Chrishell Stause,8,7.375,0.1015745788340092,0.08625,0.0153245788340092,5,8,Gleb Savchenko,Actor/Actress,0.15156986483000398,1,Balanced
29,Jeannie Mai,7,6.428571428571429,0.12271560584799289,0.09571428571428571,0.02700132013370718,2,9,Brandon Armstrong,TV Personality,0.26706028839208,1,Balanced
29,Jesse Metcalfe,5,8.0,0.1045596571567301,0.08,0.0245596571567301,3,12,Sharna Burgess,Actor/Actress,0.24291068327800455,1,Balanced
29,Johnny Weir,10,3.4,0.07915072599577433,0.126,-0.04684927400422567,2,6,Britt Stewart,Athlete,-0.463369219155667,0,Judge-type
29,Justina Machado,11,3.5454545454545454,0.13871780188869223,0.12454545454545454,0.01417234734323769,2,4,Sasha Farber,Actor/Actress,0.14017356003097534,0,Judge-type
29,Kaitlyn Bristowe,11,2.5454545454545454,0.07878477641663567,0.13454545454545455,-0.05576067812881888,1,1,Artem Chigvintsev,TV Personality,-0.5515086932149853,0,Judge-type
29,Monica Aldama,7,5.857142857142857,0.06739047892666149,0.10142857142857141,-0.03403809250190992,2,10,Valentin Chmerkovskiy,TV Personality,-0.3366584579888208,0,Judge-type
29,Nelly,11,7.090909090909091,0.11887038591611371,0.0890909090909091,0.029779476825204612,8,3,Daniella Karagach,Singer/Rapper,0.2945380310933894,1,Balanced
29,Nev Schulman,11,2.1818181818181817,0.0834200100790826,0.13818181818181818,-0.05476180810273558,0,2,Jenna Johnson,Producer,-0.5416292311771643,0,Judge-type
29,Skai Jackson,10,5.9,0.10178084849171717,0.10099999999999999,0.0007808484917171815,5,5,Alan Bersten,Actor/Actress,0.007723089921377126,0,Judge-type
29,Veron Davis,6,8.166666666666666,0.07101803364506569,0.07833333333333334,-0.0073152996882676485,4,11,Peta Murgatroyd,Athlete,-0.07235298254859902,1,Balanced
30,Amanda Kloots,10,2.5,0.08070463870864919,0.135,-0.05429536129135082,2,4,Alan Bersten,TV Personality,-0.537015774525744,0,Judge-type
30,Brian Austin Green,4,11.75,0.09561430449837525,0.042499999999999996,0.05311430449837526,4,13,Sharna Burgess,Actor/Actress,0.5253343690915804,1,Balanced
30,Christine Chiu,3,8.0,0.047972342654076634,0.08,-0.03202765734592337,1,14,Pasha Pashkov,TV Personality,-0.3167739712343715,1,Balanced
30,Cody Rigsby,10,7.8,0.13093276320425695,0.08199999999999999,0.04893276320425696,8,3,Cheryl Burke,Fitness Instructor,0.4839762570288832,1,Balanced
30,Iman Shumpert,10,7.3,0.14476332501038733,0.087,0.057763325010387334,7,1,Daniella Karagach,Athlete,0.571316148964955,1,Balanced
30,Jimmie Allen,8,7.125,0.06542898201927523,0.08875,-0.023321017980724765,4,7,Emma Slater,Singer/Rapper,-0.2306597513265416,1,Balanced
30,JoJo Siwa,10,1.6,0.09170426163279578,0.14400000000000002,-0.052295738367204234,0,2,Jenna Johnson,Social Media Personality,-0.5172382276445693,0,Judge-type
30,Kenya Moore,6,7.5,0.13446626463344438,0.08499999999999999,0.04946626463344439,3,10,Brandon Armstrong,TV Personality,0.48925292664469655,1,Balanced
30,Martin Kove,2,15.0,0.09878876732176314,0.01,0.08878876732176315,2,15,Britt Stewart,Actor/Actress,0.8781775738930063,1,Balanced
30,Matt James,4,11.25,0.08051102965553672,0.047499999999999994,0.033011029655536726,4,12,Lindsay Arnold,Athlete,0.32650015096564644,1,Balanced
30,Melanie C,5,4.2,0.05714170774974796,0.11800000000000001,-0.06085829225025205,0,11,Gleb Savchenko,Singer/Rapper,-0.601927350178428,0,Judge-type
30,Melora Hardin,9,3.888888888888889,0.10691921075502117,0.1211111111111111,-0.014191900356089929,2,6,Artem Chigvintsev,Actor/Actress,-0.14036695180683648,0,Judge-type
30,"Mike ""The Miz"" Mizanin",7,7.857142857142857,0.09172596669711626,0.08142857142857142,0.01029739526854484,4,9,Witney Carson,Athlete,0.10184781101394456,1,Balanced
30,Olivia Jade,8,3.75,0.06161546953683217,0.1225,-0.06088453046316783,1,8,Valentin Chmerkovskiy,Social Media Personality,-0.602186862849419,0,Judge-type
30,Suni Lee,9,3.888888888888889,0.0844153125049366,0.1211111111111111,-0.0366957986061745,1,5,Sasha Farber,Athlete,-0.36294486751071114,0,Judge-type
31,Charli D'Amelio,10,1.0,0.09714303982652636,0.15,-0.05285696017347363,0,1,Mark Ballas,Social Media Personality,-0.5227890694808959,0,Judge-type
31,Cheryl Ladd,3,12.666666666666666,0.08658970389017488,0.040625,0.04596470389017488,3,14,Louis van Amstel,Actor/Actress,0.45462025619416657,1,Balanced
31,Daniel Durant,9,6.111111111111111,0.07854959120747168,0.10208333333333333,-0.02353374212586165,4,5,Britt Stewart,Actor/Actress,-0.23276372888270916,0,Judge-type
31,Gabby Windey,10,2.2,0.19782490953241616,0.13875,0.05907490953241615,1,2,Valentin Chmerkovskiy,TV Personality,0.5842885569423835,2,Fan-type
31,Heidi D'Amelio,8,5.5,0.06622567879145227,0.10781249999999999,-0.04158682120854772,2,8,Artem Chigvintsev,Social Media Personality,-0.4113202025037353,0,Judge-type
31,Jason Lewis,1,15.0,0.1500601454214696,0.01875,0.1313101454214696,1,16,Peta Murgatroyd,Actor/Actress,1.298741140485451,1,Balanced
31,Jessie James Decker,6,9.833333333333334,0.056423244095955595,0.0671875,-0.010764255904044402,6,10,Alan Bersten,Singer/Rapper,-0.10646536064996322,1,Balanced
31,Jordin Sparks,7,7.0,0.06590980185058001,0.09375,-0.027840198149419987,3,9,Brandon Armstrong,Singer/Rapper,-0.27535732734027457,1,Balanced
31,Joseph Baena,5,10.0,0.07509526779639504,0.065625,0.009470267796395038,4,11,Daniella Karagach,Actor/Actress,0.09366699244079688,1,Balanced
31,Sam Champion,4,12.0,0.05641291734610567,0.046875,0.009537917346105672,4,13,Cheryl Burke,News Anchor,0.09433608966144583,1,Balanced
31,Selma Blair,5,5.6,0.09427607938382582,0.106875,-0.01259892061617418,1,12,Sasha Farber,Actor/Actress,-0.12461136553779463,0,Judge-type
31,Shangela,10,4.3,0.09088178858953169,0.11906249999999999,-0.028180711410468295,1,4,Gleb Savchenko,TV Personality,-0.27872522080794865,0,Judge-type
31,Teresa Giudice,2,13.0,0.04243029737757615,0.0375,0.004930297377576151,2,15,Pasha Pashkov,TV Personality,0.048763787584982295,1,Balanced
31,Trevor Donovan,9,6.555555555555555,0.08604676597428335,0.09791666666666667,-0.01186990069238332,6,6,Emma Slater,Actor/Actress,-0.11740089323025309,0,Judge-type
31,Vinny Guadagnino,8,10.875,0.11195291448370268,0.057421875,0.05453103948370268,8,7,Koko Iwasaki,TV Personality,0.5393467822581638,1,Balanced
31,Wayne Brady,10,2.2,0.08676003250157513,0.13875,-0.05198996749842488,1,3,Witney Carson,Comedian,-0.5142139586090649,0,Judge-type
32,Adrian Peterson,4,8.0,0.06626330193695058,0.06923076923076923,-0.0029674672938186514,2,11,Britt Stewart,Athlete,-0.02935014537648341,1,Balanced
32,Alyson Hannigan,11,7.0,0.1847788013640642,0.08076923076923076,0.10400957059483343,9,5,Sasha Farber,Actor/Actress,1.0287210321956568,2,Fan-type
32,Ariana Madix,11,2.5454545454545454,0.09353850042749888,0.13216783216783218,-0.0386293317403333,1,3,Pasha Pashkov,TV Personality,-0.3820687441903361,0,Judge-type
32,Barry Williams,8,7.25,0.11217779638903629,0.07788461538461539,0.0342931810044209,7,7,Peta Murgatroyd,Actor/Actress,0.3391814460763937,1,Balanced
32,Charity Lawson,11,2.727272727272727,0.10749666119845024,0.13006993006993006,-0.022573268871479826,0,4,Artem Chigvintsev,TV Personality,-0.2232640354218742,0,Judge-type
32,Harry Jowsey,9,8.444444444444445,0.10796107749045383,0.0641025641025641,0.043858513387889736,8,6,Rylee Arnold,TV Personality,0.4337886879536657,1,Balanced
32,Jamie Lynn Spears,2,9.0,0.1057358959324443,0.057692307692307696,0.0480435882401366,2,13,Alan Bersten,Actor/Actress,0.47518174916137484,1,Balanced
32,Jason Mraz,11,2.6363636363636362,0.10400225111506577,0.1311188811188811,-0.027116630003815326,2,2,Daniella Karagach,Singer/Rapper,-0.26820077659832486,0,Judge-type
32,Lele Pons,7,4.142857142857143,0.06449648601835004,0.11373626373626375,-0.04923977771791371,0,8,Brandon Armstrong,Social Media Personality,-0.4870128265059204,0,Judge-type
32,Matt Walsh,1,12.0,0.0613997751539948,0.023076923076923078,0.03832285207707172,1,14,Koko Iwasaki,Comedian,0.37903746472504923,1,Balanced
32,Mauricio Umansky,6,8.5,0.1480419852298259,0.06346153846153846,0.08458044676828744,5,9,Emma Slater,TV Personality,0.836554597864714,1,Balanced
32,Mira Sorvino,5,6.8,0.11502563085237552,0.08307692307692308,0.031948707775452445,1,10,Gleb Savchenko,Actor/Actress,0.31599310959671867,1,Balanced
32,Tyson Beckford,3,10.333333333333334,0.0601613015509049,0.042307692307692296,0.017853609243212602,2,12,Jenna Johnson,Model,0.17658358960678103,1,Balanced
32,Xochitl Gomez,11,1.7272727272727273,0.100880493557188,0.14160839160839161,-0.04072789805120361,0,1,Valentin Chmerkovskiy,Actor/Actress,-0.4028249043119776,0,Judge-type
33,Anna Delvey,2,9.5,0.0566071803874452,0.05192307692307692,0.004684103464368282,2,12,Ezra Sosa,Con artist,0.046328772662152996,1,Balanced
33,Brooks Nader,4,6.25,0.0654683036543311,0.08942307692307692,-0.02395477326874583,2,9,Gleb Savchenko,Model,-0.23692799558833333,0,Judge-type
33,Chandler Kinney,9,1.4444444444444444,0.1172958870792869,0.14487179487179486,-0.02757590779250796,0,3,Brandon Armstrong,Actor/Actress,-0.2727433270400425,0,Judge-type
33,Danny Amendola,9,4.444444444444445,0.11256175745957465,0.11025641025641024,0.002305347203164415,4,5,Witney Carson,Athlete,0.022801355114204003,0,Judge-type
33,Dwight Howard,7,5.285714285714286,0.10665130095346395,0.10054945054945055,0.006101850404013398,4,6,Daniella Karagach,Athlete,0.060351194702768604,0,Judge-type
33,Eric Roberts,3,11.666666666666666,0.09893742419046636,0.02692307692307693,0.07201434726738942,3,10,Britt Stewart,Actor/Actress,0.7122678541034695,1,Balanced
33,Ilona Maher,9,4.888888888888889,0.1650030632985069,0.10512820512820512,0.059874858170301776,5,2,Alan Bersten,Athlete,0.5922005594990991,2,Fan-type
33,Jenn Tran,6,4.833333333333333,0.15701743721744763,0.10576923076923077,0.05124820644821686,1,7,Sasha Farber,TV Personality,0.5068774684298579,0,Judge-type
33,Joey Graziadei,9,1.6666666666666667,0.09343549623885455,0.1423076923076923,-0.04887219606883775,0,1,Jenna Johnson,TV Personality,-0.4833772094055803,0,Judge-type
33,Phaedra Parks,5,5.6,0.09440328017020919,0.09692307692307693,-0.002519796752867745,2,8,Val Chmerkovskiy,TV Personality,-0.024922398022688638,0,Judge-type
33,Reginald VelJohnson,3,11.666666666666666,0.10152211630400793,0.02692307692307693,0.07459903938093099,3,10,Emma Slater,Actor/Actress,0.7378321086595068,1,Balanced
33,Stephen Nedoroscik,9,3.5555555555555554,0.1388158931326557,0.12051282051282051,0.018303072619835173,3,4,Rylee Arnold,Athlete,0.1810290692495581,0,Judge-type
33,Tori Spelling,2,10.0,0.1094223987072358,0.046153846153846156,0.06326855255338965,2,12,Pasha Pashkov,Actor/Actress,0.6257663628070129,1,Balanced
34,Alix Earle,11,3.0,0.08036570670981619,0.12857142857142856,-0.04820572186161237,1,2,Val Chmerkovskiy (Joey Graziadei week 9),Social media personality,-0.4767853541516108,0,Judge-type
34,Andy Richter,9,10.222222222222221,0.08939429441907018,0.051190476190476196,0.038203818228593985,9,7,Emma Slater/Kaitlyn Bristowe (week 9),Comedian,0.37786014399608236,1,Balanced
34,Baron Davis,2,10.0,0.0812242678063764,0.05357142857142857,0.02765283923494783,2,13,Britt Stewart,Athlete,0.27350422810349695,1,Balanced
34,Corey Feldman,2,13.5,0.1029323664937359,0.01607142857142857,0.08686093792230733,2,13,Jenna Johnson,Actor/Actress,0.859110110789723,1,Balanced
34,Danielle Fishel,8,7.125,0.12674399781598245,0.08437499999999999,0.042368997815982454,6,8,Pasha Pashkov,Actor/Actress,0.41905642833716383,1,Balanced
34,Dylan Efron,11,4.818181818181818,0.20405934840082063,0.10909090909090909,0.09496843930991154,5,4,Daniella Karagach (Rumer Willis week 9),TV Personality,0.9392984737286835,2,Fan-type
34,Elaine Hendrix,11,5.363636363636363,0.12406129723205521,0.10324675324675324,0.02081454398530197,7,5,Alan Bersten (Rashad Jennings week 9),Actor/Actress,0.20586912387758075,0,Judge-type
34,Hilaria Baldwin,4,4.5,0.05932260998282428,0.11249999999999999,-0.05317739001717571,0,11,Gleb Savchenko,Entrepreneur,-0.5259583251337585,0,Judge-type
34,Jen Affleck,7,6.285714285714286,0.05992111185584507,0.0933673469387755,-0.03344623508293044,4,9,Jan Ravnik,TV Personality,-0.33080461039111253,0,Judge-type
34,Jordan Chiles,11,3.272727272727273,0.11577979589666562,0.12564935064935065,-0.009869554752685028,3,3,Ezra Sosa (Apolo Anton Ohno week 9),Athlete,-0.0976161952638427,0,Judge-type
34,Lauren Jauregui,3,6.666666666666667,0.05324846855612833,0.08928571428571426,-0.03603724572958593,1,12,Brandon Armstrong,Singer/Rapper,-0.35643135927214076,0,Judge-type
34,Robert Irwin,11,2.8181818181818183,0.08489474557111376,0.1305194805194805,-0.045624734948366746,1,1,Witney Carson (Xoshitl Gomez week 9),Conservationist,-0.4512577463911629,0,Judge-type
34,Scott Hoying,6,8.166666666666666,0.06105902767555019,0.07321428571428572,-0.01215525803873553,5,10,Rylee Arnold,Singer/Rapper,-0.12022325950102242,1,Balanced
34,Whitney Leavitt,10,1.5,0.09295784725411957,0.14464285714285713,-0.05168500988873756,0,6,Mark Ballas,TV Personality,-0.5111977332250035,0,Judge-type
